-- --------------------------------------------------------
-- Host:                         127.0.0.1
-- Server version:               12.0.2-MariaDB - mariadb.org binary distribution
-- Server OS:                    Win64
-- HeidiSQL Version:             12.11.0.7065
-- --------------------------------------------------------

/*!40101 SET @OLD_CHARACTER_SET_CLIENT=@@CHARACTER_SET_CLIENT */;
/*!40101 SET NAMES utf8 */;
/*!50503 SET NAMES utf8mb4 */;
/*!40103 SET @OLD_TIME_ZONE=@@TIME_ZONE */;
/*!40103 SET TIME_ZONE='+00:00' */;
/*!40014 SET @OLD_FOREIGN_KEY_CHECKS=@@FOREIGN_KEY_CHECKS, FOREIGN_KEY_CHECKS=0 */;
/*!40101 SET @OLD_SQL_MODE=@@SQL_MODE, SQL_MODE='NO_AUTO_VALUE_ON_ZERO' */;
/*!40111 SET @OLD_SQL_NOTES=@@SQL_NOTES, SQL_NOTES=0 */;


-- Dumping database structure for db_gakumon
CREATE DATABASE IF NOT EXISTS `db_gakumon` /*!40100 DEFAULT CHARACTER SET utf8mb4 COLLATE utf8mb4_uca1400_ai_ci */;
USE `db_gakumon`;

-- Dumping structure for table db_gakumon.ref_bank
CREATE TABLE IF NOT EXISTS `ref_bank` (
  `bank_code` varchar(64) NOT NULL,
  `bank_name` varchar(150) NOT NULL,
  PRIMARY KEY (`bank_code`)
) ENGINE=InnoDB DEFAULT CHARSET=utf8mb4 COLLATE=utf8mb4_general_ci;

-- Dumping data for table db_gakumon.ref_bank: ~10 rows (approximately)
REPLACE INTO `ref_bank` (`bank_code`, `bank_name`) VALUES
	('bdo', 'BDO (Banco de Oro)'),
	('bpi', 'BPI (Bank of the Philippine Islands)'),
	('china_bank', 'China Bank'),
	('landbank', 'Land Bank of the Philippines'),
	('metrobank', 'Metrobank'),
	('other', 'Other Bank'),
	('pnb', 'PNB (Philippine National Bank)'),
	('rcbc', 'RCBC'),
	('security_bank', 'Security Bank'),
	('unionbank', 'UnionBank');

-- Dumping structure for table db_gakumon.tbl_admin_audit_logs
CREATE TABLE IF NOT EXISTS `tbl_admin_audit_logs` (
  `log_id` int(11) NOT NULL AUTO_INCREMENT,
  `user_id` int(11) NOT NULL COMMENT 'FK -> tbl_user.user_id',
  `action` text NOT NULL,
  `target_type` enum('user','lesson','quiz','item') NOT NULL,
  `target_id` int(11) NOT NULL,
  `created_at` datetime NOT NULL DEFAULT current_timestamp(),
  PRIMARY KEY (`log_id`),
  KEY `user_id` (`user_id`),
  CONSTRAINT `tbl_admin_audit_logs_ibfk_1` FOREIGN KEY (`user_id`) REFERENCES `tbl_user` (`user_id`)
) ENGINE=InnoDB AUTO_INCREMENT=15 DEFAULT CHARSET=utf8mb4 COLLATE=utf8mb4_general_ci;

-- Dumping data for table db_gakumon.tbl_admin_audit_logs: ~5 rows (approximately)
REPLACE INTO `tbl_admin_audit_logs` (`log_id`, `user_id`, `action`, `target_type`, `target_id`, `created_at`) VALUES
	(1, 23, 'Deleted an item.', 'item', 14, '2025-10-09 03:27:33'),
	(4, 2, 'Edited an account (User ID: 22)', 'user', 22, '2025-10-09 11:52:03'),
	(5, 2, 'Deleted a lesson (Lesson ID: 122)', 'lesson', 122, '2025-10-09 12:23:31'),
	(13, 2, 'Edited a pet item (Item ID: 1)', 'item', 1, '2025-10-15 16:32:03'),
	(14, 2, 'Deleted a lesson (Lesson ID: 123)', 'lesson', 123, '2025-10-15 23:15:28');

-- Dumping structure for table db_gakumon.tbl_creator_applications
CREATE TABLE IF NOT EXISTS `tbl_creator_applications` (
  `application_id` int(11) NOT NULL AUTO_INCREMENT,
  `user_id` int(11) NOT NULL COMMENT 'FK -> tbl_user.user_id',
  `educ_attainment` varchar(150) NOT NULL,
  `school` varchar(150) NOT NULL,
  `field_of_expertise` varchar(150) NOT NULL,
  `proof_file_url` varchar(255) NOT NULL,
  `status` enum('pending','approved','rejected') NOT NULL,
  `submitted_at` datetime NOT NULL DEFAULT current_timestamp(),
  PRIMARY KEY (`application_id`),
  KEY `user_id` (`user_id`),
  CONSTRAINT `tbl_creator_applications_ibfk_1` FOREIGN KEY (`user_id`) REFERENCES `tbl_user` (`user_id`)
) ENGINE=InnoDB AUTO_INCREMENT=3 DEFAULT CHARSET=utf8mb4 COLLATE=utf8mb4_general_ci;

-- Dumping data for table db_gakumon.tbl_creator_applications: ~1 rows (approximately)
REPLACE INTO `tbl_creator_applications` (`application_id`, `user_id`, `educ_attainment`, `school`, `field_of_expertise`, `proof_file_url`, `status`, `submitted_at`) VALUES
	(1, 23, 'professional', 'Lyceum of Subic Bay, Inc.', 'web_development', 'IMG/Applications/proof_u23_baa9b99ae8bd.pdf', 'pending', '2025-09-17 15:01:58');

-- Dumping structure for table db_gakumon.tbl_creator_earnings
CREATE TABLE IF NOT EXISTS `tbl_creator_earnings` (
  `earning_id` int(11) NOT NULL AUTO_INCREMENT,
  `user_id` int(11) NOT NULL COMMENT 'FK -> tbl_user.user_id',
  `lesson_id` int(11) NOT NULL COMMENT 'FK -> tbl_lesson.lesson-id',
  `metric_type` enum('enrollment','quiz_attempt') NOT NULL,
  `metric_value` int(11) NOT NULL,
  `earned_amount` decimal(10,0) NOT NULL,
  `recorded_at` datetime NOT NULL DEFAULT current_timestamp(),
  PRIMARY KEY (`earning_id`),
  KEY `user_id` (`user_id`),
  KEY `fk_creator_earnings_lesson_cascade` (`lesson_id`),
  CONSTRAINT `fk_creator_earnings_lesson_cascade` FOREIGN KEY (`lesson_id`) REFERENCES `tbl_lesson` (`lesson_id`) ON DELETE CASCADE,
  CONSTRAINT `tbl_creator_earnings_ibfk_1` FOREIGN KEY (`user_id`) REFERENCES `tbl_user` (`user_id`)
) ENGINE=InnoDB DEFAULT CHARSET=utf8mb4 COLLATE=utf8mb4_general_ci;

-- Dumping data for table db_gakumon.tbl_creator_earnings: ~0 rows (approximately)

-- Dumping structure for table db_gakumon.tbl_creator_payouts
CREATE TABLE IF NOT EXISTS `tbl_creator_payouts` (
  `payout_id` int(11) NOT NULL AUTO_INCREMENT,
  `user_id` int(11) NOT NULL COMMENT 'FK -> tbl_user.user_id',
  `bank_name` varchar(100) NOT NULL,
  `account_number` varchar(50) NOT NULL,
  `qr_code_url` varchar(255) DEFAULT NULL,
  `total_earnings` decimal(10,0) NOT NULL DEFAULT 0,
  `last_payout` datetime DEFAULT NULL,
  PRIMARY KEY (`payout_id`),
  KEY `user_id` (`user_id`),
  CONSTRAINT `tbl_creator_payouts_ibfk_1` FOREIGN KEY (`user_id`) REFERENCES `tbl_user` (`user_id`)
) ENGINE=InnoDB DEFAULT CHARSET=utf8mb4 COLLATE=utf8mb4_general_ci;

-- Dumping data for table db_gakumon.tbl_creator_payouts: ~0 rows (approximately)

-- Dumping structure for table db_gakumon.tbl_feedback
CREATE TABLE IF NOT EXISTS `tbl_feedback` (
  `feedback_id` int(11) NOT NULL AUTO_INCREMENT,
  `user_id` int(11) DEFAULT NULL,
  `user_name` varchar(100) DEFAULT NULL,
  `user_email` varchar(150) DEFAULT NULL,
  `feedback_text` text NOT NULL,
  `rating` tinyint(3) unsigned DEFAULT NULL CHECK (`rating` between 1 and 5),
  `submitted_at` timestamp NOT NULL DEFAULT current_timestamp(),
  `updated_at` timestamp NOT NULL DEFAULT current_timestamp() ON UPDATE current_timestamp(),
  PRIMARY KEY (`feedback_id`)
) ENGINE=InnoDB DEFAULT CHARSET=utf8mb4 COLLATE=utf8mb4_general_ci;

-- Dumping data for table db_gakumon.tbl_feedback: ~0 rows (approximately)

-- Dumping structure for table db_gakumon.tbl_gakusensei_bank_info
CREATE TABLE IF NOT EXISTS `tbl_gakusensei_bank_info` (
  `bank_info_id` int(11) NOT NULL AUTO_INCREMENT,
  `user_id` int(11) NOT NULL,
  `account_first_name` varchar(100) NOT NULL,
  `account_last_name` varchar(100) NOT NULL,
  `bank_code` enum('bpi','bdo','metrobank','landbank','pnb','security_bank','unionbank','china_bank','rcbc','other') NOT NULL,
  `other_bank_name` varchar(150) DEFAULT NULL,
  `account_number` varchar(64) NOT NULL,
  `account_type` enum('savings','checking','current') NOT NULL,
  `mobile_number` varchar(32) NOT NULL,
  `qr_code_url` varchar(255) DEFAULT NULL,
  `qr_code_original_name` varchar(255) DEFAULT NULL,
  `created_at` datetime NOT NULL DEFAULT current_timestamp(),
  `updated_at` datetime NOT NULL DEFAULT current_timestamp() ON UPDATE current_timestamp(),
  PRIMARY KEY (`bank_info_id`),
  UNIQUE KEY `uniq_user` (`user_id`),
  CONSTRAINT `fk_gaku_bank_user` FOREIGN KEY (`user_id`) REFERENCES `tbl_user` (`user_id`) ON DELETE CASCADE
) ENGINE=InnoDB AUTO_INCREMENT=8 DEFAULT CHARSET=utf8mb4 COLLATE=utf8mb4_general_ci;

-- Dumping data for table db_gakumon.tbl_gakusensei_bank_info: ~2 rows (approximately)
REPLACE INTO `tbl_gakusensei_bank_info` (`bank_info_id`, `user_id`, `account_first_name`, `account_last_name`, `bank_code`, `other_bank_name`, `account_number`, `account_type`, `mobile_number`, `qr_code_url`, `qr_code_original_name`, `created_at`, `updated_at`) VALUES
	(1, 2, 'Yestin', 'Guarin', 'bpi', NULL, '0609132473', 'savings', '09473052449', 'IMG/BankQR/qr_u2_ee517bdc0966.png', 'BPIQR_pau.png', '2025-09-17 16:16:35', '2025-09-17 16:16:35'),
	(7, 28, 'Angelo', 'Gakusensei', 'bpi', NULL, '0609132473', 'savings', '09159233006', 'IMG/BankQR/qr_u28_ab18fc39f845.jpg', 'b845da07487140a3748847cac0d1bb63.jpg', '2025-10-08 22:46:06', '2025-10-08 22:46:06');

-- Dumping structure for table db_gakumon.tbl_lesson
CREATE TABLE IF NOT EXISTS `tbl_lesson` (
  `lesson_id` int(11) NOT NULL AUTO_INCREMENT,
  `title` varchar(200) NOT NULL,
  `short_desc` text NOT NULL,
  `long_desc` text NOT NULL,
  `duration` time NOT NULL,
  `author_id` int(11) DEFAULT NULL COMMENT 'FK -> tbl_user.user_id | NULL if admin-created',
  `topic_id` int(11) NOT NULL COMMENT 'FK -> tbl_topic.topic_id',
  `difficulty_level` enum('Beginner','Intermediate','Professional') NOT NULL,
  `is_private` tinyint(1) NOT NULL DEFAULT 0,
  `created_at` datetime NOT NULL DEFAULT current_timestamp(),
  PRIMARY KEY (`lesson_id`),
  KEY `author_id` (`author_id`),
  KEY `topic_id` (`topic_id`),
  CONSTRAINT `tbl_lesson_ibfk_1` FOREIGN KEY (`author_id`) REFERENCES `tbl_user` (`user_id`),
  CONSTRAINT `tbl_lesson_ibfk_2` FOREIGN KEY (`topic_id`) REFERENCES `tbl_topic` (`topic_id`)
) ENGINE=InnoDB AUTO_INCREMENT=144 DEFAULT CHARSET=utf8mb4 COLLATE=utf8mb4_general_ci;

-- Dumping data for table db_gakumon.tbl_lesson: ~26 rows (approximately)
REPLACE INTO `tbl_lesson` (`lesson_id`, `title`, `short_desc`, `long_desc`, `duration`, `author_id`, `topic_id`, `difficulty_level`, `is_private`, `created_at`) VALUES
	(1, 'Keyboards', 'Learn about different types of keyboards and their functions', 'This lesson explores the various types of keyboards, from standard and laptop models to specialized mechanical, ergonomic, and virtual versions. It also breaks down the function of different key groups, including alphanumeric, modifier, and navigation keys.', '00:15:00', NULL, 1, 'Beginner', 0, '2025-08-25 18:58:19'),
	(2, 'Mouse Devices', 'Functions and importance of pointing devices', 'This lesson describes the essential functions of a mouse, including pointing, clicking, and scrolling. It also introduces the different types of mice, such as optical, laser, and trackball models, and explains their importance in computing.This lesson describes the essential functions of a mouse, including pointing, clicking, and scrolling. It also introduces the different types of mice, such as optical, laser, and trackball models, and explains their importance in computing.', '00:16:00', NULL, 1, 'Beginner', 0, '2025-08-25 18:59:00'),
	(3, 'Touchscreens', 'How touch input works and different technologies', 'This lesson explains how touchscreens function as combined display and input devices, detecting touches to perform actions. It also covers the different technologies used, such as resistive, capacitive, and infrared, and their common applications.', '01:00:00', NULL, 1, 'Intermediate', 0, '2025-08-25 18:59:32'),
	(4, 'Early Computing Devices', 'Tools and machines that led to modern computing', 'This lesson explores the fascinating origins of computation, tracing the development of tools and machines that preceded modern computers. We\'ll begin by examining early mechanical aids like the abacus and slide rule, which were used to perform calculations long before the invention of electricity. The lesson then moves into the era of mechanical calculators, highlighting key inventions such as those by Blaise Pascal and Gottfried Leibniz. A significant focus will be placed on the visionary work of Charles Babbage, whose analytical and difference engines laid the conceptual groundwork for programmable computing. By studying these devices, you\'ll gain an appreciation for the long and iterative process that led to the development of the electronic computer.', '01:15:00', NULL, 2, 'Beginner', 0, '2025-08-25 18:59:58'),
	(5, 'The First Computers', 'Development of early programmable machines', 'This lesson explores into the pivotal moment when computing transitioned from mechanical to electronic and programmable. We will examine the technological breakthroughs that made this possible, starting with the invention of the vacuum tube, which served as the electronic switch for the first generation of computers. The lesson will highlight key machines like the ENIAC (Electronic Numerical Integrator and Computer) and the Colossus, exploring their purpose, architecture, and historical significance. We will also discuss the conceptual contributions of individuals like Alan Turing and John von Neumann, whose ideas on machine-level programming and stored-program architecture became the blueprints for all subsequent computers. By studying these pioneering machines, you\'ll understand the technological leap that made modern computation possible.', '00:17:00', NULL, 2, 'Beginner', 0, '2025-08-28 02:29:43'),
	(6, 'Generations of Computers', 'Major stages in computer evolution', 'This lesson charts the evolution of computer technology through a generational model, where each new era is defined by a significant leap in core components. We will examine the five primary generations of computers: The 1st Gen, 2nd Gen, 3rd Gen, 4th Gen, and 5th Gen.This lesson charts the evolution of computer technology through a generational model, where each new era is defined by a significant leap in core components. We will examine the five primary generations of computers: The 1st Gen, 2nd Gen, 3rd Gen, 4th Gen, and 5th Gen.', '00:16:00', NULL, 2, 'Beginner', 0, '2025-08-28 02:32:52'),
	(7, 'Introduction to Databases', 'What databases are and why they are used', 'This lesson provides a fundamental understanding of databases. We\'ll explore what a database is, why it\'s a critical tool in modern technology, and the basic concepts that make it so powerful. By the end of this review, you\'ll be able to differentiate a database from a simple spreadsheet and understand its core functions.', '00:10:00', NULL, 3, 'Beginner', 0, '2025-08-28 02:35:52'),
	(8, 'Types of Databases', 'Different models of data organization', 'This lesson explores the different ways databases can be structured to store and manage information. While the core purpose of a database is always the same, the method of organizing the data—known as the database model—can vary significantly. We\'ll focus on the two main types used today: Relational and NoSQL databases, and explain how they differ in their approach to data.', '00:12:00', NULL, 3, 'Beginner', 0, '2025-08-28 02:38:42'),
	(9, 'Basic Database Concepts', 'Key terms and principles in database systems', 'This lesson introduces the essential terminology and foundational principles of database systems. To effectively work with databases, it\'s important to understand the language and concepts that define their structure and function. This section will break down key terms like schemas, queries, and keys, which form the building blocks of any database.', '00:19:00', NULL, 3, 'Beginner', 0, '2025-08-28 02:41:57'),
	(10, 'Introduction to Networking', 'Overview of computer networking basics', 'This lesson serves as a foundational guide to the world of computer networks. It will demystify what a network is and explain why it is the backbone of modern communication, from sharing files within an office to accessing information on the Internet. We will explore the key components that make up a network, including hosts (the devices communicating), transmission media (the physical or wireless connections), and networking devices (like routers and switches) that direct traffic. The lesson will also introduce the concept of protocols, the rules that govern how data is formatted and transmitted. By the end, you will have a solid understanding of how interconnected devices communicate and share resources, laying the groundwork for more advanced topics in networking.', '00:15:00', NULL, 4, 'Beginner', 0, '2025-08-28 02:44:24'),
	(11, 'Types of Networks', 'Different scales and purposes of networks', 'This lesson serves as a foundational guide to the world of computer networks. It will demystify what a network is and explain why it is the backbone of modern communication, from sharing files within an office to accessing information on the Internet. We will explore the key components that make up a network, including hosts, transmission media, and networking devices like routers and switches. The lesson will also introduce the concept of protocols, which are the rules that govern how data is formatted and transmitted. By the end, you will have a solid understanding of how interconnected devices communicate and share resources, laying the groundwork for more advanced topics in networking', '00:15:00', NULL, 4, 'Beginner', 0, '2025-08-28 02:47:10'),
	(12, 'Network Devices', 'Hardware that enables connectivity', 'This lesson explores the physical equipment that serves as the foundation for all computer networks. We will examine the key functions of various networking devices and how they work together to ensure efficient data transmission. The lesson will cover hubs, which are simple devices that broadcast data to all connected devices; switches, which are more intelligent and direct data only to the intended recipient; and routers, which are crucial for connecting different networks and directing traffic across the internet. We will also touch upon other important hardware like modems, network interface cards (NICs), and access points that extend network connectivity. Understanding these devices is key to comprehending the physical architecture of both simple home networks and large-scale corporate systems.This lesson explores the physical equipment that serves as the foundation for all computer networks. We will examine the key functions of various networking devices and how they work together to ensure efficient data transmission. The lesson will cover hubs, which are simple devices that broadcast data to all connected devices; switches, which are more intelligent and direct data only to the intended recipient; and routers, which are crucial for connecting different networks and directing traffic across the internet. We will also touch upon other important hardware like modems, network interface cards (NICs), and access points that extend network connectivity. Understanding these devices is key to comprehending the physical architecture of both simple home networks and large-scale corporate systems.', '00:15:00', NULL, 4, 'Beginner', 0, '2025-08-28 02:50:03'),
	(127, 'Arrays and Objects', 'Organizing and managing data in programs', 'This lesson introduces arrays and objects in JavaScript, explaining how they are used to organize, manage, and store multiple values efficiently.', '00:15:00', NULL, 21, 'Beginner', 0, '2025-10-11 00:42:04'),
	(128, 'Form Validation', 'Checking user input in web forms', 'This lesson explains how form validation ensures that user input is accurate, complete, and secure before being sent to the server. It introduces both client-side and server-side validation, HTML5 validation attributes, and JavaScript validation functions like pattern.test().', '00:10:00', NULL, 21, 'Beginner', 0, '2025-10-11 00:47:40'),
	(129, 'JS Basics', 'Introduction to programming with JavaScript', 'This lesson introduces learners to the fundamentals of JavaScript programming — including variables, data types, and basic syntax. It focuses on how JavaScript adds interactivity to web pages and why it is essential for modern web development.', '00:10:00', NULL, 21, 'Beginner', 0, '2025-10-11 00:50:15'),
	(130, 'Basic Computer Terminologies', 'Common words and phrases in computing', 'This lesson introduces fundamental computer terms such as hardware, software, CPU, RAM, and Operating System. It helps beginners understand the essential components and concepts that make up a computer system.', '00:15:00', NULL, 22, 'Beginner', 0, '2025-10-11 00:51:48'),
	(131, 'Careers in Computing', 'Professional paths in the field of computing', 'This lesson explores the wide range of career opportunities in the computing industry. It introduces different professional roles such as software engineers, cybersecurity specialists, and data scientists, and emphasizes key skills required to adapt to technological changes.', '00:15:00', NULL, 22, 'Beginner', 0, '2025-10-11 00:53:12'),
	(132, 'Introduction to IT Literacy', 'Essential skills for using technology effectively', 'This lesson introduces the concept of IT literacy, emphasizing the ability to use computers, digital tools, and online resources effectively and safely. It covers file management, digital safety, collaboration tools, and the importance of problem-solving with technology.', '00:15:00', NULL, 22, 'Beginner', 0, '2025-10-11 00:54:20'),
	(133, 'CSS Animations & Transitions', 'Motion effects to improve user experience', 'This lesson introduces CSS animations and transitions, explaining how motion effects can enhance user experience. It discusses key properties such as transition-duration, transition-timing-function, and @keyframes to create smooth and engaging interactions in web design.', '00:08:00', NULL, 23, 'Beginner', 0, '2025-10-11 00:55:40'),
	(134, 'HTML & CSS Basics', 'Introduction to web page structure and styling', 'This lesson introduces learners to the fundamentals of HTML and CSS. It explains how HTML provides the structure of a webpage while CSS handles design and layout. Students will learn about basic tags, attributes like alt, and how both technologies work together to build modern websites.', '00:10:00', NULL, 23, 'Beginner', 0, '2025-10-11 00:56:48'),
	(135, 'Typography & Colors', 'Improving presentation through design choices', 'This lesson discusses typography and color usage in web design. It explains how font styling, color contrast, and proper scaling improve readability, aesthetics, and accessibility. Learners will understand how to apply relative font units and color formats like RGBA to enhance user experience.', '00:07:00', NULL, 23, 'Beginner', 0, '2025-10-11 00:57:51'),
	(139, 'Free Lesson 1', 'TRY', 'TRY', '00:00:10', 27, 19, 'Beginner', 1, '2025-10-15 23:54:53'),
	(140, 'Free Lesson 2', 'TRYTRY', 'TRYTRY', '00:00:10', 27, 19, 'Beginner', 1, '2025-10-15 23:55:41'),
	(141, 'Gaku Lesson 1', 'TRY', 'TRY', '00:00:10', 28, 19, 'Beginner', 0, '2025-10-16 00:22:24'),
	(142, 'GAKU LESSON 2', 'TRYTRY', 'TRYTRY', '00:00:45', 28, 19, '', 0, '2025-10-16 00:23:20'),
	(143, 'GAKU LESSON 3', 'TRYTRY', 'TRYTRY', '00:00:10', 28, 19, 'Beginner', 1, '2025-10-16 00:24:02');

-- Dumping structure for table db_gakumon.tbl_lesson_files
CREATE TABLE IF NOT EXISTS `tbl_lesson_files` (
  `file_id` int(11) NOT NULL AUTO_INCREMENT,
  `lesson_id` int(11) NOT NULL COMMENT 'FK -> tbl_lesson.lesson_id',
  `file_type` enum('Video','Notes') NOT NULL,
  `file_url` varchar(255) NOT NULL,
  PRIMARY KEY (`file_id`),
  KEY `fk_lesson_files_lesson_cascade` (`lesson_id`),
  CONSTRAINT `fk_lesson_files_lesson` FOREIGN KEY (`lesson_id`) REFERENCES `tbl_lesson` (`lesson_id`) ON DELETE CASCADE,
  CONSTRAINT `fk_lesson_files_lesson_cascade` FOREIGN KEY (`lesson_id`) REFERENCES `tbl_lesson` (`lesson_id`) ON DELETE CASCADE
) ENGINE=InnoDB AUTO_INCREMENT=137 DEFAULT CHARSET=utf8mb4 COLLATE=utf8mb4_general_ci;

-- Dumping data for table db_gakumon.tbl_lesson_files: ~34 rows (approximately)
REPLACE INTO `tbl_lesson_files` (`file_id`, `lesson_id`, `file_type`, `file_url`) VALUES
	(1, 1, 'Notes', 'IMG/Notes/Keyboards.pdf'),
	(2, 2, 'Notes', 'IMG/Notes/MouseDev.pdf'),
	(3, 3, 'Notes', 'IMG/Notes/Touchscreens.pdf'),
	(4, 4, 'Notes', 'IMG/Notes/EarlyCompDevices.pdf'),
	(5, 5, 'Notes', 'IMG/Notes/TheFirstComp'),
	(6, 6, 'Notes', 'IMG/Notes/GenComp.pdf'),
	(7, 7, 'Notes', 'IMG/Notes/IntroDB.pdf'),
	(8, 8, 'Notes', 'IMG/Notes/TypesDB.pdf'),
	(9, 9, 'Notes', 'IMG/Notes/BasicDBConcepts.pdf'),
	(10, 10, 'Notes', 'IMG/Notes/IntroNetw.pdf'),
	(11, 11, 'Notes', 'IMG/Notes/NetwType.pdf'),
	(12, 12, 'Notes', 'IMG/Notes/NetwDev.pdf'),
	(13, 12, 'Video', 'IMG/Videos/NetwDev.mp4'),
	(14, 10, 'Video', 'IMG/Videos/IntroNetw.mp4'),
	(15, 11, 'Video', 'IMG/Videos/NetwType.mp4'),
	(16, 8, 'Video', 'IMG/Videos/TypesDB.mp4'),
	(17, 9, 'Video', 'IMG/Videos/BasicDBConcepts.mp4'),
	(18, 4, 'Video', 'IMG/Videos/EarlyCompDevices.mp4'),
	(19, 5, 'Video', 'IMG/Videos/TheFirstComp.mp4'),
	(20, 6, 'Video', 'IMG/Videos/GenComp.mp4'),
	(120, 127, 'Notes', 'IMG/Notes/ArraysnObj.pdf'),
	(121, 128, 'Notes', 'IMG/Notes/FormValid.pdf'),
	(122, 129, 'Notes', 'IMG/Notes/JSBasics.pdf'),
	(123, 130, 'Notes', 'IMG/Notes/BasicComTech.pdf'),
	(124, 131, 'Notes', 'IMG/Notes/CareersCom.pdf'),
	(125, 132, 'Notes', 'IMG/Notes/IntroITLit.pdf'),
	(126, 133, 'Notes', 'IMG/Notes/CSSAnimTrans.pdf'),
	(127, 134, 'Notes', 'IMG/Notes/HTMLCSSBasic.pdf'),
	(128, 135, 'Notes', 'IMG/Notes/TypoColor.pdf'),
	(132, 139, 'Notes', 'IMG/Notes/Keyboards _1_-1.pdf'),
	(133, 140, 'Notes', 'IMG/Notes/NetwType-2.pdf'),
	(134, 141, 'Notes', 'IMG/Notes/NetwType-3.pdf'),
	(135, 142, 'Notes', 'IMG/Notes/Keyboards _1_-2.pdf'),
	(136, 143, 'Notes', 'IMG/Notes/NetwType-4.pdf');

-- Dumping structure for table db_gakumon.tbl_lesson_objectives
CREATE TABLE IF NOT EXISTS `tbl_lesson_objectives` (
  `objective_id` int(11) NOT NULL AUTO_INCREMENT,
  `lesson_id` int(11) NOT NULL,
  `objective_text` text NOT NULL,
  `objective_order` smallint(6) NOT NULL DEFAULT 1,
  PRIMARY KEY (`objective_id`),
  KEY `idx_obj_lesson` (`lesson_id`,`objective_order`),
  CONSTRAINT `fk_obj_lesson_cascade` FOREIGN KEY (`lesson_id`) REFERENCES `tbl_lesson` (`lesson_id`) ON DELETE CASCADE
) ENGINE=InnoDB AUTO_INCREMENT=184 DEFAULT CHARSET=utf8mb4 COLLATE=utf8mb4_general_ci;

-- Dumping data for table db_gakumon.tbl_lesson_objectives: ~74 rows (approximately)
REPLACE INTO `tbl_lesson_objectives` (`objective_id`, `lesson_id`, `objective_text`, `objective_order`) VALUES
	(9, 7, 'Define what a database is and explain its primary purpose.', 1),
	(10, 7, 'Differentiate between a database and a spreadsheet, identifying advantages for large, complex datasets.', 2),
	(11, 7, 'Identify and describe tables, fields, records, and relationships.', 3),
	(12, 7, 'Explain the role of a Database Management System (DBMS).', 4),
	(13, 8, 'Differentiate Relational vs. NoSQL models by structure and use cases.', 1),
	(14, 8, 'Explain tables, rows, columns, and relationships in relational databases.', 2),
	(15, 8, 'Identify at least three NoSQL types (document, key-value, graph) and their characteristics.', 3),
	(16, 8, 'Analyze a storage need to choose between relational or NoSQL.', 4),
	(17, 9, 'Define a database schema and its purpose in organization.', 1),
	(18, 9, 'Differentiate a primary key vs. a foreign key and their roles.', 2),
	(19, 9, 'Describe what a query is and how it interacts with a database.', 3),
	(20, 9, 'Recognize common data types (integer, string, boolean) and their significance.', 4),
	(21, 4, 'Identify and describe at least three early computing devices (e.g., abacus, slide rule, Pascaline).', 1),
	(22, 4, 'Explain the significance of Babbage’s Difference and Analytical Engines.', 2),
	(23, 4, 'Differentiate mechanical calculators vs. early programmable designs.', 3),
	(24, 4, 'Trace the evolution from mechanical devices to electronic precursors.', 4),
	(25, 5, 'Identify and describe at least two early electronic computers (e.g., ENIAC, Colossus).', 1),
	(26, 5, 'Explain the role of the vacuum tube in first-generation computers.', 2),
	(27, 5, 'Discuss stored-program architecture and its impact on design.', 3),
	(28, 5, 'Recognize contributions of Alan Turing and John von Neumann.', 4),
	(29, 6, 'Identify and describe the five generations of computers.', 1),
	(30, 6, 'Explain the defining innovation of each generation (vacuum tubes, transistors, ICs, microprocessors).', 2),
	(31, 6, 'Discuss how each leap made computers smaller, faster, cheaper, and more powerful.', 3),
	(32, 6, 'Relate example machines/tech to their generation (e.g., ENIAC, IBM PC).', 4),
	(33, 10, 'Define a computer network and its core purpose.', 1),
	(34, 10, 'Describe basic components: hosts, transmission media, networking devices.', 2),
	(35, 10, 'Explain what a protocol is and its role in communication.', 3),
	(36, 10, 'Differentiate LAN vs. WAN.', 4),
	(37, 11, 'Categorize networks by geographic size and purpose.', 1),
	(38, 11, 'Differentiate PAN, LAN, MAN, and WAN with examples.', 2),
	(39, 11, 'Explain how smaller networks can be part of larger ones.', 3),
	(40, 11, 'Choose an appropriate network type for a given scenario.', 4),
	(41, 12, 'Define the purpose of a network device within a computer network.', 1),
	(42, 12, 'Differentiate hub, switch, and router.', 2),
	(43, 12, 'Explain how a modem and router provide Internet access.', 3),
	(44, 12, 'Identify the role of NIC and access point.', 4),
	(45, 1, 'Identify and describe at least four types of keyboards and their use cases.', 1),
	(46, 1, 'Differentiate membrane vs. mechanical mechanisms.', 2),
	(47, 1, 'Explain the primary function of modifier keys and shortcut use.', 3),
	(48, 3, 'Explain the core difference between resistive and capacitive detection.', 1),
	(49, 3, 'Identify ideal use cases for at least three touchscreen technologies.', 2),
	(50, 3, 'Describe multi-touch capability and a common gesture example.', 3),
	(51, 2, 'List and describe the four core functions of a mouse.', 1),
	(52, 2, 'Differentiate optical vs. trackball operation.', 2),
	(53, 2, 'Explain why a pointing device is essential for navigating a GUI.', 3),
	(152, 128, 'Define the purpose of form validation in web development.', 1),
	(153, 128, 'Differentiate between client-side and server-side validation.', 2),
	(154, 128, 'Identify and use basic HTML5 validation attributes like required and pattern.', 3),
	(155, 129, 'Explain the main purpose and role of JavaScript in web development.', 1),
	(156, 129, 'Identify basic data types and variable declarations in JavaScript.', 2),
	(157, 129, 'Use basic JavaScript functions such as console.log() to display output.', 3),
	(158, 130, 'Define and differentiate basic computer terminologies such as hardware, software, and CPU.', 1),
	(159, 130, 'Explain the main functions of essential components like RAM and the Operating System.', 2),
	(160, 130, 'Recognize how hardware and software interact in a computer system.', 3),
	(161, 131, 'Identify various career paths available in the field of computing.', 1),
	(162, 131, 'Differentiate the roles and responsibilities of key computing professionals such as software engineers, data scientists, and cybersecurity specialists.', 2),
	(163, 131, 'Recognize essential skills such as adaptability and teamwork needed for success in computing careers.', 3),
	(164, 132, 'Explain the meaning and importance of IT literacy in daily and professional life.', 1),
	(165, 132, 'Demonstrate proper file management, digital safety, and responsible technology use.', 2),
	(166, 132, 'Identify how productivity and collaboration tools enhance digital efficiency.', 3),
	(167, 133, 'Explain the purpose of CSS transitions and animations in enhancing user experience.', 1),
	(168, 133, 'Identify key CSS properties like transition-duration and @keyframes.', 2),
	(169, 133, 'Apply basic CSS transitions and animations to create smooth motion effects.', 3),
	(170, 134, 'Explain the main purposes of HTML and CSS in web development.', 1),
	(171, 134, 'Identify basic HTML tags and attributes used to structure webpage content.', 2),
	(172, 134, 'Apply CSS to style and enhance the visual layout of HTML elements.', 3),
	(173, 135, 'Define typography and explain its role in web design.', 1),
	(174, 135, 'Identify CSS properties related to text styling and color management.', 2),
	(175, 135, 'Apply accessible and responsive color and typography choices in design.', 3),
	(179, 139, 'TRY', 1),
	(180, 140, 'TRYTRY', 1),
	(181, 141, 'TRY', 1),
	(182, 142, 'TRYTRY', 1),
	(183, 143, 'TRYTRY', 1);

-- Dumping structure for table db_gakumon.tbl_pending_verif
CREATE TABLE IF NOT EXISTS `tbl_pending_verif` (
  `index_id` int(11) NOT NULL AUTO_INCREMENT,
  `first_name` varchar(255) NOT NULL,
  `last_name` varchar(255) NOT NULL,
  `username` varchar(255) NOT NULL,
  `email_address` varchar(255) NOT NULL,
  `pass` varchar(255) NOT NULL,
  `verif_code` int(11) NOT NULL,
  PRIMARY KEY (`index_id`)
) ENGINE=InnoDB AUTO_INCREMENT=15 DEFAULT CHARSET=utf8mb4 COLLATE=utf8mb4_general_ci;

-- Dumping data for table db_gakumon.tbl_pending_verif: ~0 rows (approximately)

-- Dumping structure for table db_gakumon.tbl_pet
CREATE TABLE IF NOT EXISTS `tbl_pet` (
  `pet_id` int(11) NOT NULL AUTO_INCREMENT,
  `pet_name` enum('Mochi','Chibi','Pompom') NOT NULL,
  `image_url` varchar(255) NOT NULL,
  PRIMARY KEY (`pet_id`)
) ENGINE=InnoDB AUTO_INCREMENT=4 DEFAULT CHARSET=utf8mb4 COLLATE=utf8mb4_general_ci;

-- Dumping data for table db_gakumon.tbl_pet: ~3 rows (approximately)
REPLACE INTO `tbl_pet` (`pet_id`, `pet_name`, `image_url`) VALUES
	(1, 'Mochi', 'IMG/Pets/Mochi.png'),
	(2, 'Chibi', 'IMG/Pets/Chibi.png'),
	(3, 'Pompom', 'IMG/Pets/Pom-Pom.png');

-- Dumping structure for table db_gakumon.tbl_questions
CREATE TABLE IF NOT EXISTS `tbl_questions` (
  `question_id` int(11) NOT NULL AUTO_INCREMENT,
  `quiz_id` int(11) NOT NULL COMMENT 'FK -> tbl_quizzes.quiz_id',
  `question_text` text NOT NULL,
  `question_type` enum('mcq','fill_blank','identification','true_false') NOT NULL,
  PRIMARY KEY (`question_id`),
  KEY `fk_questions_quiz_cascade` (`quiz_id`),
  CONSTRAINT `fk_questions_quiz_cascade` FOREIGN KEY (`quiz_id`) REFERENCES `tbl_quizzes` (`quiz_id`) ON DELETE CASCADE
) ENGINE=InnoDB AUTO_INCREMENT=195 DEFAULT CHARSET=utf8mb4 COLLATE=utf8mb4_general_ci;

-- Dumping data for table db_gakumon.tbl_questions: ~115 rows (approximately)
REPLACE INTO `tbl_questions` (`question_id`, `quiz_id`, `question_text`, `question_type`) VALUES
	(1, 1, 'What is the standard number of keys found on a standard desktop keyboard?', 'mcq'),
	(2, 1, 'Which type of keyboard is known for its individual mechanical switches under each key, offering durability and tactile feedback?', 'mcq'),
	(3, 1, 'What is the main advantage of a membrane keyboard over a mechanical one?', 'mcq'),
	(4, 1, 'Which keys (F1-F12) are used to perform shortcuts or special commands, such as refreshing a webpage?', 'mcq'),
	(5, 1, 'What is the purpose of an ergonomic keyboard?', 'mcq'),
	(6, 2, 'What is the primary function of a computer mouse?', 'mcq'),
	(7, 2, 'Which type of mouse uses a rolling rubber ball to detect movement and is now mostly obsolete?', 'mcq'),
	(8, 2, 'What common mouse action is typically used to open a file or application?', 'mcq'),
	(9, 2, 'Which type of mouse is often preferred by gamers and designers for its higher precision?', 'mcq'),
	(10, 2, 'According to the document, what is a key importance of a pointing device like a mouse?', 'mcq'),
	(11, 3, 'What is a defining feature of a touchscreen?', 'mcq'),
	(12, 3, 'Which touchscreen technology is most common in modern smartphones and detects the electrical charge from a human finger?', 'mcq'),
	(13, 3, 'Which type of touchscreen works with any object, like a stylus or gloved hand, but requires more pressure to register input?', 'mcq'),
	(14, 3, 'Multi-touch gestures, such as pinching to zoom, are a feature of:', 'mcq'),
	(15, 3, 'Where are Infrared (IR) touchscreens commonly used despite being susceptible to interference from dirt?', 'mcq'),
	(16, 4, 'Until the mid-20th century, the word "computer" originally referred to:', 'mcq'),
	(17, 4, 'Which device, invented by Joseph-Marie Jacquard, used punched cards and influenced early computers?', 'mcq'),
	(18, 4, 'Who is credited with writing the world\'s first computer algorithm for Charles Babbage\'s Analytical Engine?', 'mcq'),
	(19, 4, 'Herman Hollerith\'s Tabulating Machine, which used punched cards, was famously used to speed up the processing of what?', 'mcq'),
	(20, 4, 'Which early device, invented by William Oughtred, was used for multiplication and division but not typically for addition or subtraction?', 'mcq'),
	(21, 5, 'Which computer is considered the first programmable computer?', 'mcq'),
	(22, 5, 'What was the key characteristic of the EDVAC computer designed by Von Neumann?', 'mcq'),
	(23, 5, 'Which of these computers was the first electronic general-purpose computer?', 'mcq'),
	(24, 5, 'The Atanasoff-Berry Computer (ABC) was significant because it was:', 'mcq'),
	(25, 5, 'Which computer was the first designed for commercial business and government applications?', 'mcq'),
	(26, 6, 'What was the primary component used for circuitry in first-generation computers?', 'mcq'),
	(27, 6, 'Which generation of computers first introduced the use of keyboards and monitors for user interaction?', 'mcq'),
	(28, 6, 'What technological advancement defined the second generation of computers, replacing vacuum tubes?', 'mcq'),
	(29, 6, 'The development of the Internet and personal computers is a key characteristic of which generation?', 'mcq'),
	(30, 6, 'Fifth-generation computers are primarily based on what concept?', 'mcq'),
	(31, 7, 'What is the primary function of a Database Management System (DBMS)?', 'mcq'),
	(32, 7, 'In a database table, what does a single row typically represent?', 'mcq'),
	(33, 7, 'Which of the following is a key advantage of using a database over a spreadsheet?', 'mcq'),
	(34, 7, 'What is the name of the special language used to ask complex questions or "queries" of a database?', 'mcq'),
	(35, 7, 'Which advantage of databases allows a manager to see all customer data while restricting a junior employee to only their assigned records?', 'mcq'),
	(36, 8, 'How is data primarily organized in a Relational Database?', 'mcq'),
	(37, 8, 'What is the purpose of a Foreign Key in a relational database?', 'mcq'),
	(38, 8, 'Which type of NoSQL database stores data as a collection of key-value pairs, similar to a dictionary?', 'mcq'),
	(39, 8, 'A social media platform that needs to map the complex relationships between users would most likely use which type of database?', 'mcq'),
	(40, 8, 'What is a major advantage of NoSQL databases that makes them well-suited for big data applications?', 'mcq'),
	(41, 9, 'In database terminology, what is a "Schema"?', 'mcq'),
	(42, 9, 'What is the term for a single entry or a complete set of related values within a database table?', 'mcq'),
	(43, 9, 'Which of the following best describes a Primary Key?', 'mcq'),
	(44, 9, 'What is the function of a Foreign Key?', 'mcq'),
	(45, 9, 'What is a "query" in the context of a database?', 'mcq'),
	(46, 10, 'What is the simplest definition of a computer network?', 'mcq'),
	(47, 10, 'What is the purpose of a protocol in networking?', 'mcq'),
	(48, 10, 'Which protocol suite is considered the foundational set of rules for the Internet?', 'mcq'),
	(49, 10, 'In networking terminology, what is a "node"?', 'mcq'),
	(50, 10, 'What is the role of a router in a network, as described in the introduction?', 'mcq'),
	(51, 11, 'Which type of network is confined to a single, limited geographical area like a home or office building?', 'mcq'),
	(52, 11, 'The Internet is the largest example of what type of network?', 'mcq'),
	(53, 11, 'Which type of network is typically used to connect personal devices like a smartphone and wireless headphones over a short range?', 'mcq'),
	(54, 11, 'A network that connects multiple government buildings across a city would most likely be classified as what?', 'mcq'),
	(55, 11, 'What is a key characteristic of a LAN?', 'mcq'),
	(56, 12, 'What is the key difference between a hub and a switch?', 'mcq'),
	(57, 12, 'What is the primary function of a router?', 'mcq'),
	(58, 12, 'What does a modem (modulator-demodulator) do?', 'mcq'),
	(59, 12, 'Which device is specifically designed to regenerate a signal to extend the range of a network?', 'mcq'),
	(60, 12, 'What is the purpose of a Network Interface Card (NIC)?', 'mcq'),
	(127, 33, 'In JavaScript, what is the main purpose of using arrays and objects?', 'mcq'),
	(128, 33, 'Which statement best describes an array?', 'mcq'),
	(129, 33, 'In an object, how is data stored?', 'mcq'),
	(130, 33, 'Which array method is used to add an item to the end of an array?', 'mcq'),
	(131, 33, 'When should you use an array of objects?', 'mcq'),
	(132, 34, 'What is the main purpose of form validation in web development?', 'mcq'),
	(133, 34, 'Client-side validation usually happens:', 'mcq'),
	(134, 34, 'Which HTML5 attribute makes sure a form field is not left empty?', 'mcq'),
	(135, 34, 'What does the pattern.test(email) function in JavaScript validation do?', 'mcq'),
	(136, 34, 'Why is form validation important for web applications?', 'mcq'),
	(137, 35, 'What is the main purpose of JavaScript in web development?', 'mcq'),
	(138, 35, 'Which keyword is used to declare a variable that cannot be changed?', 'mcq'),
	(139, 35, 'Which of the following is an example of a Boolean value in JavaScript?', 'mcq'),
	(140, 35, 'What does the console.log() function do in JavaScript?', 'mcq'),
	(141, 35, 'Why is learning JavaScript important for developers?', 'mcq'),
	(142, 36, 'What does the term hardware refer to in a computer system?', 'mcq'),
	(143, 36, 'Which of the following best describes software?', 'mcq'),
	(144, 36, 'The CPU is often called the "brain" of the computer because:', 'mcq'),
	(145, 36, 'What is the main function of RAM?', 'mcq'),
	(146, 36, 'The main purpose of an Operating System (OS) is to:', 'mcq'),
	(147, 37, 'What makes the field of computing offer so many career opportunities?', 'mcq'),
	(148, 37, 'Which professional is mainly responsible for designing, developing, and maintaining applications and systems?', 'mcq'),
	(149, 37, 'What does a Cybersecurity Specialist primarily do?', 'mcq'),
	(150, 37, 'A Data Scientist mainly focuses on:', 'mcq'),
	(151, 37, 'Which skill is important for all computing professionals to adapt to new technologies and work effectively in teams?', 'mcq'),
	(152, 38, 'What does IT literacy mainly refer to?', 'mcq'),
	(153, 38, 'Which of the following is an example of file management?', 'mcq'),
	(154, 38, 'What is the purpose of digital safety and security in IT literacy?', 'mcq'),
	(155, 38, 'Productivity and collaboration tools such as word processors, spreadsheets, and cloud services are mainly used to:', 'mcq'),
	(156, 38, 'Why is problem-solving with technology an important part of IT literacy?', 'mcq'),
	(157, 39, 'What is the main purpose of CSS transitions and animations?', 'mcq'),
	(158, 39, 'A transition in CSS allows:', 'mcq'),
	(159, 39, 'Which CSS property controls how long a transition lasts?', 'mcq'),
	(160, 39, 'What is the purpose of @keyframes in a CSS animation?', 'mcq'),
	(161, 39, 'When should animations and transitions be used in web design?', 'mcq'),
	(162, 40, 'What is the main purpose of HTML in web development?', 'mcq'),
	(163, 40, 'What is the role of CSS when used with HTML?', 'mcq'),
	(164, 40, 'Which tag defines the visible content of an HTML document?', 'mcq'),
	(165, 40, 'What is the purpose of the attribute alt in an <img> tag?', 'mcq'),
	(166, 40, 'What is the difference between HTML and CSS?', 'mcq'),
	(167, 41, 'What does typography refer to in CSS?', 'mcq'),
	(168, 41, 'Which CSS property is used to specify a list of fallback fonts?', 'mcq'),
	(169, 41, 'What is the main advantage of using relative units like em or rem for font sizes?', 'mcq'),
	(170, 41, 'In CSS, the RGBA color format allows:', 'mcq'),
	(171, 41, 'Why is color contrast important in web design?', 'mcq'),
	(182, 48, 'Will this work?', 'true_false'),
	(186, 52, 'Gagana ba to', 'true_false'),
	(187, 53, 'GAGANA BA', 'true_false'),
	(188, 54, 'GAGANA', 'true_false'),
	(189, 55, 'GAGANA', 'true_false'),
	(190, 56, 'Gagana', 'true_false'),
	(191, 57, 'GAGana', 'true_false'),
	(192, 58, 'GAGANA KA BA', 'true_false'),
	(193, 59, 'Gagana ba', 'true_false'),
	(194, 60, 'Gagana ba', 'true_false');

-- Dumping structure for table db_gakumon.tbl_question_options
CREATE TABLE IF NOT EXISTS `tbl_question_options` (
  `option_id` int(11) NOT NULL AUTO_INCREMENT,
  `question_id` int(11) NOT NULL COMMENT 'FK -> tbl_questions.question_id',
  `option_text` varchar(255) NOT NULL,
  `is_correct` tinyint(1) NOT NULL DEFAULT 0,
  PRIMARY KEY (`option_id`),
  KEY `fk_question_options_question_cascade` (`question_id`),
  CONSTRAINT `fk_question_options_question_cascade` FOREIGN KEY (`question_id`) REFERENCES `tbl_questions` (`question_id`) ON DELETE CASCADE
) ENGINE=InnoDB AUTO_INCREMENT=590 DEFAULT CHARSET=utf8mb4 COLLATE=utf8mb4_general_ci;

-- Dumping data for table db_gakumon.tbl_question_options: ~440 rows (approximately)
REPLACE INTO `tbl_question_options` (`option_id`, `question_id`, `option_text`, `is_correct`) VALUES
	(1, 1, '87 keys', 0),
	(2, 1, '104 keys', 1),
	(3, 1, '120 keys', 0),
	(4, 1, '60 keys', 0),
	(5, 2, 'Membrane Keyboard', 0),
	(6, 2, 'Laptop Keyboard', 0),
	(7, 2, 'Mechanical Keyboard', 1),
	(8, 2, 'Virtual Keyboard', 0),
	(9, 3, 'It is more durable.', 0),
	(10, 3, 'It provides faster response times.', 0),
	(11, 3, 'It is cheaper, quieter, and lighter.', 1),
	(12, 3, 'It is preferred by gamers.', 0),
	(13, 4, 'Modifier Keys', 0),
	(14, 4, 'Function Keys', 1),
	(15, 4, 'Navigation Keys', 0),
	(16, 4, 'Alphanumeric Keys', 0),
	(17, 5, 'To project a keyboard layout onto a surface', 0),
	(18, 5, 'To be used exclusively for gaming', 0),
	(19, 5, 'To reduce strain with a split or curved design', 1),
	(20, 5, 'To connect wirelessly via Bluetooth', 0),
	(21, 6, 'To process data', 0),
	(22, 6, 'To control the movement of a cursor on the screen', 1),
	(23, 6, 'To provide power to the computer', 0),
	(24, 6, 'To type text', 0),
	(25, 7, 'Optical Mouse', 0),
	(26, 7, 'Laser Mouse', 0),
	(27, 7, 'Mechanical Mouse', 1),
	(28, 7, 'Wireless Mouse', 0),
	(29, 8, 'Clicking', 0),
	(30, 8, 'Dragging', 0),
	(31, 8, 'Scrolling', 0),
	(32, 8, 'Double-Clicking', 1),
	(33, 9, 'Mechanical Mouse', 0),
	(34, 9, 'Optical Mouse', 0),
	(35, 9, 'Laser Mouse', 1),
	(36, 9, 'Trackball Mouse', 0),
	(37, 10, 'It replaces the need for a keyboard entirely.', 0),
	(38, 10, 'It provides easy navigation and enhances productivity.', 1),
	(39, 10, 'It is the primary component for storing data.', 0),
	(40, 10, 'It generates less heat than other components.', 0),
	(41, 11, 'It requires a separate mouse to function.', 0),
	(42, 11, 'It acts as both a display and an input device.', 1),
	(43, 11, 'It is only used in smartphones.', 0),
	(44, 11, 'It cannot detect multiple touches.', 0),
	(45, 12, 'Resistive Touchscreen', 0),
	(46, 12, 'Capacitive Touchscreen', 1),
	(47, 12, 'Infrared Touchscreen', 0),
	(48, 12, 'Surface Acoustic Wave (SAW) Touchscreen', 0),
	(49, 13, 'Capacitive', 0),
	(50, 13, 'Infrared (IR)', 0),
	(51, 13, 'Resistive', 1),
	(52, 13, 'Surface Acoustic Wave (SAW)', 0),
	(53, 14, 'Only Resistive touchscreens', 0),
	(54, 14, 'All touchscreen technologies', 0),
	(55, 14, 'Primarily modern Capacitive and other advanced touchscreens', 1),
	(56, 14, 'Only Surface Acoustic Wave touchscreens', 0),
	(57, 15, 'In all modern laptops', 0),
	(58, 15, 'In small wearable devices', 0),
	(59, 15, 'In kiosks and large interactive boards', 1),
	(60, 15, 'Exclusively in automotive displays', 0),
	(61, 16, 'A mechanical calculating machine.', 0),
	(62, 16, 'A person who performed calculations.', 1),
	(63, 16, 'An electronic device.', 0),
	(64, 16, 'A programmable loom.', 0),
	(65, 17, 'The Slide Rule', 0),
	(66, 17, 'The Pascaline', 0),
	(67, 17, 'The Jacquard Loom', 1),
	(68, 17, 'The Difference Engine', 0),
	(69, 18, 'Herman Hollerith', 0),
	(70, 18, 'Joseph-Marie Jacquard', 0),
	(71, 18, 'Ada Lovelace', 1),
	(72, 18, 'John Napier', 0),
	(73, 19, 'Astronomical calculations', 0),
	(74, 19, 'The 1890 U.S. census', 1),
	(75, 19, 'Ballistic tables for the military', 0),
	(76, 19, 'Banking transactions', 0),
	(77, 20, 'The Abacus', 0),
	(78, 20, 'Napier\'s Bones', 0),
	(79, 20, 'The Slide Rule', 1),
	(80, 20, 'The Stepped Reckoner', 0),
	(81, 21, 'ENIAC', 0),
	(82, 21, 'UNIVAC I', 0),
	(83, 21, 'Z1', 1),
	(84, 21, 'ABC', 0),
	(85, 22, 'It used vacuum tubes for circuitry.', 0),
	(86, 22, 'It was the first commercial computer.', 0),
	(87, 22, 'It was the first stored program computer.', 1),
	(88, 22, 'It could solve 29 equations simultaneously.', 0),
	(89, 23, 'Atanasoff-Berry Computer (ABC)', 0),
	(90, 23, 'ENIAC', 1),
	(91, 23, 'UNIVAC I', 0),
	(92, 23, 'EDVAC', 0),
	(93, 24, 'The first computer to use a keyboard.', 0),
	(94, 24, 'The first electronic digital computing device.', 1),
	(95, 24, 'The first computer to be sold commercially.', 0),
	(96, 24, 'The first computer to use integrated circuits.', 0),
	(97, 25, 'ENIAC', 0),
	(98, 25, 'Z1', 0),
	(99, 25, 'EDVAC', 0),
	(100, 25, 'UNIVAC I', 1),
	(101, 26, 'Transistors', 0),
	(102, 26, 'Integrated Circuits', 0),
	(103, 26, 'Vacuum Tubes', 1),
	(104, 26, 'Microprocessors', 0),
	(105, 27, 'First Generation', 0),
	(106, 27, 'Second Generation', 0),
	(107, 27, 'Third Generation', 1),
	(108, 27, 'Fourth Generation', 0),
	(109, 28, 'The Microprocessor', 0),
	(110, 28, 'The Integrated Circuit', 0),
	(111, 28, 'The Transistor', 1),
	(112, 28, 'Artificial Intelligence', 0),
	(113, 29, 'Second Generation', 0),
	(114, 29, 'Third Generation', 0),
	(115, 29, 'Fourth Generation', 1),
	(116, 29, 'Fifth Generation', 0),
	(117, 30, 'Vacuum Tube Technology', 0),
	(118, 30, 'Magnetic Core Memory', 0),
	(119, 30, 'Artificial Intelligence', 1),
	(120, 30, 'Punched Card Input', 0),
	(121, 31, 'To design the user interface for an application.', 0),
	(122, 31, 'To provide the hardware for storing data.', 0),
	(123, 31, 'To serve as the software that allows users to interact with the data in a database.', 1),
	(124, 31, 'To create spreadsheets for data analysis.', 0),
	(125, 32, 'A field or attribute of a record.', 0),
	(126, 32, 'A single, complete record.', 1),
	(127, 32, 'The data type for a column.', 0),
	(128, 32, 'The relationship between tables.', 0),
	(129, 33, 'Databases are easier for beginners to learn.', 0),
	(130, 33, 'Databases are designed to handle massive amounts of data efficiently.', 1),
	(131, 33, 'Databases provide more formatting options for data presentation.', 0),
	(132, 33, 'Databases do not require any software to manage.', 0),
	(133, 34, 'HTML', 0),
	(134, 34, 'Python', 0),
	(135, 34, 'Structured Query Language (SQL)', 1),
	(136, 34, 'Java', 0),
	(137, 35, 'Data Integrity', 0),
	(138, 35, 'Scalability', 0),
	(139, 35, 'Organization and Structure', 0),
	(140, 35, 'Security and Access Control', 1),
	(141, 36, 'In flexible, document-like structures (e.g., JSON).', 0),
	(142, 36, 'As a network of nodes and edges.', 0),
	(143, 36, 'Into tables of rows and columns.', 1),
	(144, 36, 'As a simple collection of key-value pairs.', 0),
	(145, 37, 'To serve as a unique identifier for a row in its own table.', 0),
	(146, 37, 'To create a link by referring to the Primary Key in another table.', 1),
	(147, 37, 'To encrypt data for security purposes.', 0),
	(148, 37, 'To define the data type for a column.', 0),
	(149, 38, 'Document Database', 0),
	(150, 38, 'Graph Database', 0),
	(151, 38, 'Relational Database', 0),
	(152, 38, 'Key-Value Store', 1),
	(153, 39, 'Relational Database', 0),
	(154, 39, 'Key-Value Store', 0),
	(155, 39, 'Graph Database', 1),
	(156, 39, 'Document Database', 0),
	(157, 40, 'Their rigid, tabular structure ensures data integrity.', 0),
	(158, 40, 'They use the SQL language for all queries.', 0),
	(159, 40, 'Their ability to scale horizontally by adding more servers.', 1),
	(160, 40, 'They are exclusively for storing structured financial data.', 0),
	(161, 41, 'The actual data stored in the database at a specific moment.', 0),
	(162, 41, 'The software used to manage the database.', 0),
	(163, 41, 'The blueprint or structure that defines the database\'s tables, columns, and relationships.', 1),
	(164, 41, 'A request for data from the database.', 0),
	(165, 42, 'A Column', 0),
	(166, 42, 'A Field', 0),
	(167, 42, 'A Row', 1),
	(168, 42, 'A Schema', 0),
	(169, 43, 'A key that must be null to ensure uniqueness.', 0),
	(170, 43, 'A column that refers to the primary key in another table.', 0),
	(171, 43, 'A column or set of columns that uniquely identifies each row in a table.', 1),
	(172, 43, 'A key used for encrypting database passwords.', 0),
	(173, 44, 'It uniquely identifies a row within its own table.', 0),
	(174, 44, 'It creates a link between tables by referencing a Primary Key in another table.', 1),
	(175, 44, 'It defines the data type for a column.', 0),
	(176, 44, 'It is used to perform backups of the database.', 0),
	(177, 45, 'A question about the database\'s hardware specifications.', 0),
	(178, 45, 'A complaint about the database\'s performance.', 0),
	(179, 45, 'A request for data or an action, such as retrieving or updating information.', 1),
	(180, 45, 'The physical server where the database is stored.', 0),
	(181, 46, 'A single computer performing calculations.', 0),
	(182, 46, 'A collection of interconnected devices that can exchange data and share resources.', 1),
	(183, 46, 'The software that runs on a server.', 0),
	(184, 46, 'A type of cable used to connect monitors.', 0),
	(185, 47, 'To provide the physical hardware for connections.', 0),
	(186, 47, 'To act as a set of rules that define how data is formatted and transmitted.', 1),
	(187, 47, 'To slow down network traffic for security.', 0),
	(188, 47, 'To connect a computer to a wireless access point.', 0),
	(189, 48, 'HTTP', 0),
	(190, 48, 'Bluetooth', 0),
	(191, 48, 'Wi-Fi', 0),
	(192, 48, 'TCP/IP', 1),
	(193, 49, 'The password for a wireless network.', 0),
	(194, 49, 'Any device connected to a network that can send or receive data.', 1),
	(195, 49, 'The company that provides internet service.', 0),
	(196, 49, 'A specific type of internet cable.', 0),
	(197, 50, 'To connect devices within the same local network.', 0),
	(198, 50, 'To convert digital signals to analog.', 0),
	(199, 50, 'To connect different networks and direct data between them.', 1),
	(200, 50, 'To provide a physical connection for a single computer.', 0),
	(201, 51, 'Wide Area Network (WAN)', 0),
	(202, 51, 'Metropolitan Area Network (MAN)', 0),
	(203, 51, 'Personal Area Network (PAN)', 0),
	(204, 51, 'Local Area Network (LAN)', 1),
	(205, 52, 'Personal Area Network (PAN)', 0),
	(206, 52, 'Local Area Network (LAN)', 0),
	(207, 52, 'Wide Area Network (WAN)', 1),
	(208, 52, 'Metropolitan Area Network (MAN)', 0),
	(209, 53, 'Local Area Network (LAN)', 0),
	(210, 53, 'Wide Area Network (WAN)', 0),
	(211, 53, 'Personal Area Network (PAN)', 1),
	(212, 53, 'Metropolitan Area Network (MAN)', 0),
	(213, 54, 'A Local Area Network (LAN)', 0),
	(214, 54, 'A Personal Area Network (PAN)', 0),
	(215, 54, 'A Wide Area Network (WAN)', 0),
	(216, 54, 'A Metropolitan Area Network (MAN)', 1),
	(217, 55, 'It spans entire countries or continents.', 0),
	(218, 55, 'It is used to connect personal wearable devices.', 0),
	(219, 55, 'It is confined to a single location and used to share local resources.', 1),
	(220, 55, 'It is always wireless.', 0),
	(221, 56, 'A hub connects to the internet, while a switch does not.', 0),
	(222, 56, 'A hub broadcasts data to all connected devices, while a switch sends it only to the intended destination.', 1),
	(223, 56, 'A switch is a wireless device, while a hub is a wired device.', 0),
	(224, 56, 'A hub is more intelligent and faster than a switch.', 0),
	(225, 57, 'To connect devices within the same LAN and broadcast data.', 0),
	(226, 57, 'To convert digital signals to analog for transmission over phone lines.', 0),
	(227, 57, 'To connect different networks and direct data packets between them.', 1),
	(228, 57, 'To regenerate a network signal to extend its range.', 0),
	(229, 58, 'It connects devices within a local area network (LAN).', 0),
	(230, 58, 'It converts digital data from a computer into an analog signal for transmission and vice versa.', 1),
	(231, 58, 'It broadcasts a Wi-Fi signal to create a wireless network.', 0),
	(232, 58, 'It directs traffic between multiple devices on a home network.', 0),
	(233, 59, 'A Switch', 0),
	(234, 59, 'A Router', 0),
	(235, 59, 'A Repeater', 1),
	(236, 59, 'A Network Interface Card (NIC)', 0),
	(237, 60, 'To provide a wireless access point for multiple devices.', 0),
	(238, 60, 'To allow an individual computer to connect to a network.', 1),
	(239, 60, 'To route data between different networks.', 0),
	(240, 60, 'To modulate and demodulate signals for internet access.', 0),
	(364, 127, 'To perform mathematical calculations.', 0),
	(365, 127, 'To organize and store multiple values efficiently.', 1),
	(366, 127, 'To design the structure of a webpage.', 0),
	(367, 127, 'To handle user input only.', 0),
	(368, 128, 'It stores data in key-value pairs.', 0),
	(369, 128, 'It can hold multiple values in a single variable as an ordered list.', 1),
	(370, 128, 'It represents only numerical data.', 0),
	(371, 128, 'It is used for defining functions.', 0),
	(372, 129, 'In indexed positions.', 0),
	(373, 129, 'In loops and functions.', 0),
	(374, 129, 'In key-value pairs.', 1),
	(375, 129, 'In random variables.', 0),
	(376, 130, 'pop()', 0),
	(377, 130, 'shift()', 0),
	(378, 130, 'push()', 1),
	(379, 130, 'unshift()', 0),
	(380, 131, 'When working with structured collections like lists of users or products.', 1),
	(381, 131, 'When storing only one variable.', 0),
	(382, 131, 'When handling simple arithmetic operations.', 0),
	(383, 131, 'When designing user interfaces.', 0),
	(384, 132, 'To style the webpage using CSS.', 0),
	(385, 132, 'To check if user input is complete, correct, and secure before submission.', 1),
	(386, 132, 'To send form data directly to the server.', 0),
	(387, 132, 'To collect user input without restrictions.', 0),
	(388, 133, 'On the server after submission.', 0),
	(389, 133, 'In the browser using HTML5 or JavaScript.', 1),
	(390, 133, 'In the database.', 0),
	(391, 133, 'After the form has been stored.', 0),
	(392, 134, 'minlength', 0),
	(393, 134, 'required', 1),
	(394, 134, 'type', 0),
	(395, 134, 'placeholder', 0),
	(396, 135, 'Checks the length of the input.', 0),
	(397, 135, 'Tests if the email matches the required format.', 1),
	(398, 135, 'Converts the email to lowercase.', 0),
	(399, 135, 'Submits the form automatically.', 0),
	(400, 136, 'It increases page load speed.', 0),
	(401, 136, 'It improves data accuracy, user experience, and security.', 1),
	(402, 136, 'It adds more design flexibility.', 0),
	(403, 136, 'It reduces the use of JavaScript.', 0),
	(404, 137, 'To design the structure of a webpage.', 0),
	(405, 137, 'To control the layout and colors of a webpage.', 0),
	(406, 137, 'To make web pages interactive and responsive to user actions.', 1),
	(407, 137, 'To store website files and media.', 0),
	(408, 138, 'var', 0),
	(409, 138, 'const', 1),
	(410, 138, 'let', 0),
	(411, 138, 'static', 0),
	(412, 139, '3.14', 0),
	(413, 139, '"Hello"', 0),
	(414, 139, 'true', 1),
	(415, 139, '[1, 2, 3]', 0),
	(416, 140, 'Displays text on the webpage.', 0),
	(417, 140, 'Stores data in a file.', 0),
	(418, 140, 'Prints messages or outputs to the browser console.', 1),
	(419, 140, 'Declares a new variable.', 0),
	(420, 141, 'It helps with creating dynamic and interactive web features.', 1),
	(421, 141, 'It is only used for styling websites.', 0),
	(422, 141, 'It replaces HTML and CSS completely.', 0),
	(423, 141, 'It is not commonly used in modern websites.', 0),
	(424, 142, 'The programs that run on a computer.', 0),
	(425, 142, 'The digital data stored in the system.', 0),
	(426, 142, 'The physical components of a computer.', 1),
	(427, 142, 'The connection between computers.', 0),
	(428, 143, 'The physical parts of a computer.', 0),
	(429, 143, 'Devices that store data permanently.', 0),
	(430, 143, 'The electrical circuits of a computer.', 0),
	(431, 143, 'Programs and instructions that tell the computer what to do.', 1),
	(432, 144, 'It stores all the data permanently.', 0),
	(433, 144, 'It executes instructions and processes data.', 1),
	(434, 144, 'It manages internet connections.', 0),
	(435, 144, 'It controls external devices only.', 0),
	(436, 145, 'To permanently store files and data.', 0),
	(437, 145, 'To manage input and output operations.', 0),
	(438, 145, 'To temporarily store data for active processes.', 1),
	(439, 145, 'To connect the computer to the internet.', 0),
	(440, 146, 'Provide power to the computer.', 0),
	(441, 146, 'Manage hardware and software resources.', 1),
	(442, 146, 'Create and design computer programs.', 0),
	(443, 146, 'Store permanent files and folders.', 0),
	(444, 147, 'It only focuses on hardware manufacturing.', 0),
	(445, 147, 'It is limited to a few specialized areas.', 0),
	(446, 147, 'It covers many applications in business, technology, and daily life.', 1),
	(447, 147, 'It deals only with data processing.', 0),
	(448, 148, 'Web Developer', 0),
	(449, 148, 'Software Engineer/Developer', 1),
	(450, 148, 'Data Analyst', 0),
	(451, 148, 'System Administrator', 0),
	(452, 149, 'Develops websites and web applications.', 0),
	(453, 149, 'Manages databases and data analysis.', 0),
	(454, 149, 'Protects systems from attacks, malware, and data breaches.', 1),
	(455, 149, 'Designs hardware components.', 0),
	(456, 150, 'Testing and repairing computer hardware.', 0),
	(457, 150, 'Using analytics and machine learning to extract insights from data.', 1),
	(458, 150, 'Designing operating systems and servers.', 0),
	(459, 150, 'Managing office networks.', 0),
	(460, 151, 'Typing speed', 0),
	(461, 151, 'Adaptability and teamwork', 1),
	(462, 151, 'Memorization', 0),
	(463, 151, 'Drawing and design', 0),
	(464, 152, 'The ability to build computer hardware.', 0),
	(465, 152, 'The skill of using computers and digital tools effectively and safely.', 1),
	(466, 152, 'The process of programming and coding.', 0),
	(467, 152, 'The study of computer components only.', 0),
	(468, 153, 'Writing an email.', 0),
	(469, 153, 'Browsing a website.', 0),
	(470, 153, 'Creating, organizing, and saving files or folders.', 1),
	(471, 153, 'Installing antivirus software.', 0),
	(472, 154, 'To improve internet connection speed.', 0),
	(473, 154, 'To protect personal information and avoid online threats.', 1),
	(474, 154, 'To manage computer storage efficiently.', 0),
	(475, 154, 'To upgrade hardware components.', 0),
	(476, 155, 'Create and manage digital content efficiently.', 1),
	(477, 155, 'Access the internet faster.', 0),
	(478, 155, 'Build and design hardware systems.', 0),
	(479, 155, 'Monitor online activity.', 0),
	(480, 156, 'It helps users fix basic issues and adapt to new tools.', 1),
	(481, 156, 'It teaches users to code complex software.', 0),
	(482, 156, 'It focuses on repairing physical computer parts.', 0),
	(483, 156, 'It limits the use of technology in daily life.', 0),
	(484, 157, 'To increase page loading speed.', 0),
	(485, 157, 'To add smooth motion and interactivity to web pages.', 1),
	(486, 157, 'To replace JavaScript entirely.', 0),
	(487, 157, 'To structure webpage content.', 0),
	(488, 158, 'Content to change instantly without interaction.', 0),
	(489, 158, 'Properties to gradually change from one value to another when triggered.', 1),
	(490, 158, 'A continuous animation without user input.', 0),
	(491, 158, 'Elements to disappear automatically after loading.', 0),
	(492, 159, 'transition-delay', 0),
	(493, 159, 'transition-property', 0),
	(494, 159, 'transition-timing-function', 0),
	(495, 159, 'transition-duration', 1),
	(496, 160, 'It sets how fast the transition should occur.', 0),
	(497, 160, 'It defines the sequence or stages of the animation.', 1),
	(498, 160, 'It specifies the animation delay.', 0),
	(499, 160, 'It triggers an event on hover.', 0),
	(500, 161, 'To make pages visually busy and flashy.', 0),
	(501, 161, 'Only for long and complex effects.', 0),
	(502, 161, 'To enhance usability and create smooth, engaging interactions.', 1),
	(503, 161, 'To replace all other CSS properties.', 0),
	(504, 162, 'To add interactivity to a webpage.', 0),
	(505, 162, 'To control fonts, colors, and layout.', 0),
	(506, 162, 'To structure and describe the content of a webpage.', 1),
	(507, 162, 'To store data in a database.', 0),
	(508, 163, 'It processes user input and handles databases.', 0),
	(509, 163, 'It adds functionality to the back-end server.', 0),
	(510, 163, 'It controls the appearance and layout of HTML elements.', 1),
	(511, 163, 'It defines the logic behind user actions.', 0),
	(512, 164, '<head>', 0),
	(513, 164, '<html>', 0),
	(514, 164, '<body>', 1),
	(515, 164, '<title>', 0),
	(516, 165, 'It links the image to a webpage.', 0),
	(517, 165, 'It sets the image size.', 0),
	(518, 165, 'It provides alternative text if the image fails to load.', 1),
	(519, 165, 'It defines the image’s background color.', 0),
	(520, 166, 'HTML handles structure, while CSS manages design and styling.', 1),
	(521, 166, 'CSS is used for databases, and HTML for text formatting.', 0),
	(522, 166, 'Both are programming languages.', 0),
	(523, 166, 'CSS replaces HTML completely.', 0),
	(524, 167, 'The process of creating animations.', 0),
	(525, 167, 'The way text is styled and displayed on a webpage.', 1),
	(526, 167, 'The method of positioning images.', 0),
	(527, 167, 'The layout of HTML containers.', 0),
	(528, 168, 'font-style', 0),
	(529, 168, 'font-weight', 0),
	(530, 168, 'font-family', 1),
	(531, 168, 'font-size', 0),
	(532, 169, 'They make the text bold.', 0),
	(533, 169, 'They help text scale better across different screens.', 1),
	(534, 169, 'They reduce the file size of CSS.', 0),
	(535, 169, 'They automatically change color based on background.', 0),
	(536, 170, 'Setting gradients for backgrounds.', 0),
	(537, 170, 'Adding an alpha channel for transparency.', 1),
	(538, 170, 'Mixing only two color components.', 0),
	(539, 170, 'Defining colors in grayscale only.', 0),
	(540, 171, 'It helps pages load faster.', 0),
	(541, 171, 'It ensures readability and accessibility for all users.', 1),
	(542, 171, 'It adds animation to text.', 0),
	(543, 171, 'It changes the structure of the HTML layout.', 0),
	(564, 182, 'True', 1),
	(565, 182, 'False', 0),
	(572, 186, 'True', 1),
	(573, 186, 'False', 0),
	(574, 187, 'True', 1),
	(575, 187, 'False', 0),
	(576, 188, 'True', 1),
	(577, 188, 'False', 0),
	(578, 189, 'True', 1),
	(579, 189, 'False', 0),
	(580, 190, 'True', 1),
	(581, 190, 'False', 0),
	(582, 191, 'True', 1),
	(583, 191, 'False', 0),
	(584, 192, 'True', 1),
	(585, 192, 'False', 0),
	(586, 193, 'True', 1),
	(587, 193, 'False', 0),
	(588, 194, 'True', 0),
	(589, 194, 'False', 1);

-- Dumping structure for table db_gakumon.tbl_quizzes
CREATE TABLE IF NOT EXISTS `tbl_quizzes` (
  `quiz_id` int(11) NOT NULL AUTO_INCREMENT,
  `lesson_id` int(11) DEFAULT NULL COMMENT 'FK -> tbl_lesson.lesson_id',
  `title` varchar(255) DEFAULT NULL,
  `is_ai_generated` tinyint(1) NOT NULL DEFAULT 0,
  `created_at` datetime NOT NULL DEFAULT current_timestamp(),
  `author_id` int(11) DEFAULT NULL COMMENT 'FK -> tbl_user.user_id',
  PRIMARY KEY (`quiz_id`),
  KEY `fk_quizzes_lesson_cascade` (`lesson_id`),
  KEY `fk_quizzes_author` (`author_id`),
  CONSTRAINT `fk_quizzes_author` FOREIGN KEY (`author_id`) REFERENCES `tbl_user` (`user_id`) ON DELETE SET NULL,
  CONSTRAINT `fk_quizzes_lesson_cascade` FOREIGN KEY (`lesson_id`) REFERENCES `tbl_lesson` (`lesson_id`) ON DELETE CASCADE
) ENGINE=InnoDB AUTO_INCREMENT=61 DEFAULT CHARSET=utf8mb4 COLLATE=utf8mb4_general_ci;

-- Dumping data for table db_gakumon.tbl_quizzes: ~31 rows (approximately)
REPLACE INTO `tbl_quizzes` (`quiz_id`, `lesson_id`, `title`, `is_ai_generated`, `created_at`, `author_id`) VALUES
	(1, 1, NULL, 0, '2025-08-28 02:05:06', NULL),
	(2, 2, NULL, 0, '2025-08-28 02:13:39', NULL),
	(3, 3, NULL, 0, '2025-08-28 02:18:58', NULL),
	(4, 4, NULL, 0, '2025-08-28 02:26:59', NULL),
	(5, 5, NULL, 0, '2025-08-28 02:30:56', NULL),
	(6, 6, NULL, 0, '2025-08-28 02:33:39', NULL),
	(7, 7, NULL, 0, '2025-08-28 02:36:16', NULL),
	(8, 8, NULL, 0, '2025-08-28 02:40:05', NULL),
	(9, 9, NULL, 0, '2025-08-28 02:42:31', NULL),
	(10, 10, NULL, 0, '2025-08-28 02:45:00', NULL),
	(11, 11, NULL, 0, '2025-08-28 02:48:16', NULL),
	(12, 12, NULL, 0, '2025-08-28 02:50:27', NULL),
	(33, 127, NULL, 1, '2025-10-11 00:44:41', NULL),
	(34, 128, NULL, 1, '2025-10-11 00:47:40', NULL),
	(35, 129, NULL, 1, '2025-10-11 00:50:15', NULL),
	(36, 130, NULL, 1, '2025-10-11 00:51:48', NULL),
	(37, 131, NULL, 1, '2025-10-11 00:53:12', NULL),
	(38, 132, NULL, 1, '2025-10-11 00:54:21', NULL),
	(39, 133, NULL, 1, '2025-10-11 00:55:40', NULL),
	(40, 134, NULL, 1, '2025-10-11 00:56:48', NULL),
	(41, 135, NULL, 1, '2025-10-11 00:57:51', NULL),
	(48, NULL, 'Quiz Creation Mobile', 0, '2025-10-15 14:53:21', 28),
	(52, 139, NULL, 0, '2025-10-15 23:55:07', 27),
	(53, 140, NULL, 0, '2025-10-15 23:55:54', 27),
	(54, NULL, 'No LESSONiD Quiz 1', 0, '2025-10-16 00:11:56', 27),
	(55, NULL, 'No LESSONiD Quiz 2', 0, '2025-10-16 00:12:09', 27),
	(56, 141, NULL, 0, '2025-10-16 00:22:36', 28),
	(57, 142, NULL, 0, '2025-10-16 00:23:33', 28),
	(58, 143, NULL, 0, '2025-10-16 00:24:18', 28),
	(59, NULL, 'GAKU NO LESSON 2', 0, '2025-10-16 00:25:20', 28),
	(60, NULL, 'GAKU NO LESSON 3', 0, '2025-10-16 00:26:02', 28);

-- Dumping structure for table db_gakumon.tbl_shop_items
CREATE TABLE IF NOT EXISTS `tbl_shop_items` (
  `item_id` int(11) NOT NULL AUTO_INCREMENT,
  `item_type` enum('food','accessory','wallpaper') NOT NULL,
  `item_name` varchar(100) NOT NULL,
  `description` text NOT NULL,
  `price` int(11) NOT NULL,
  `energy_restore` int(11) DEFAULT NULL COMMENT 'ONLY FOR FOOD',
  `image_url` varchar(255) NOT NULL,
  PRIMARY KEY (`item_id`)
) ENGINE=InnoDB AUTO_INCREMENT=17 DEFAULT CHARSET=utf8mb4 COLLATE=utf8mb4_general_ci;

-- Dumping data for table db_gakumon.tbl_shop_items: ~11 rows (approximately)
REPLACE INTO `tbl_shop_items` (`item_id`, `item_type`, `item_name`, `description`, `price`, `energy_restore`, `image_url`) VALUES
	(1, 'food', 'Chowder', 'A warm bowl of delicious chowder.', 50, 21, '🍲'),
	(2, 'food', 'Salad', 'A fresh and healthy salad mix.', 30, 15, '🥗'),
	(3, 'food', 'Shrimp', 'Juicy shrimp cooked to perfection.', 80, 25, '🍤'),
	(4, 'food', 'Fish', 'Freshly grilled fish.', 60, 20, '🐟'),
	(5, 'food', 'Meat', 'Tender and flavorful meat.', 70, 30, '🍖'),
	(6, 'accessory', 'Magic Ball', 'A mystical ball that glows faintly.', 150, NULL, '🔮'),
	(9, 'accessory', 'Cool Hat', 'A stylish hat for your pet.', 120, NULL, '🧢'),
	(10, 'accessory', 'Sun Glasses', 'Trendy sunglasses for sunny days.', 100, NULL, '🕶️'),
	(11, 'accessory', 'Magic Collar', 'A collar that sparkles with magic.', 150, NULL, '📿'),
	(13, 'accessory', 'Toy Mouse', 'A fun toy for pets to chase.', 80, NULL, '🐭'),
	(14, 'accessory', 'Rainbow Wings', 'Magical wings that shimmer in the light.', 180, NULL, '🦋');

-- Dumping structure for table db_gakumon.tbl_topic
CREATE TABLE IF NOT EXISTS `tbl_topic` (
  `topic_id` int(11) NOT NULL AUTO_INCREMENT,
  `topic_name` varchar(255) NOT NULL,
  `topic_icon` varchar(255) DEFAULT NULL,
  PRIMARY KEY (`topic_id`),
  UNIQUE KEY `topic_name` (`topic_name`)
) ENGINE=InnoDB AUTO_INCREMENT=24 DEFAULT CHARSET=utf8mb4 COLLATE=utf8mb4_general_ci;

-- Dumping data for table db_gakumon.tbl_topic: ~9 rows (approximately)
REPLACE INTO `tbl_topic` (`topic_id`, `topic_name`, `topic_icon`) VALUES
	(1, 'Input Devices', '<i class="bi bi-mouse3"></i>'),
	(2, 'Computer History', '<i class="bi bi-tv"></i>'),
	(3, 'Database', '<i class="bi bi-database"></i>'),
	(4, 'Networking', '<i class="bi bi-reception-4"></i>'),
	(19, 'Trying', '<i class="bi bi-journals"></i>'),
	(20, 'icon try', '<i class="bi bi-journals"></i>'),
	(21, 'Javascript', '<i class="bi bi-filetype-js"></i>'),
	(22, 'Intro to Computing', '<i class="bi bi-motherboard"></i>'),
	(23, 'Web Programming', '<i class="bi bi-browser-edge"></i>');

-- Dumping structure for table db_gakumon.tbl_user
CREATE TABLE IF NOT EXISTS `tbl_user` (
  `user_id` int(11) NOT NULL AUTO_INCREMENT,
  `first_name` varchar(100) NOT NULL,
  `last_name` varchar(100) NOT NULL,
  `username` varchar(50) NOT NULL,
  `email_address` varchar(150) NOT NULL,
  `pass` varchar(255) NOT NULL,
  `role` enum('Gakusei','Gakusensei','Kanri') NOT NULL DEFAULT 'Gakusei',
  `subscription_type` enum('Free','Premium') NOT NULL DEFAULT 'Free',
  `is_verified` tinyint(1) NOT NULL,
  `gakucoins` int(11) NOT NULL DEFAULT 0,
  `streak_days` int(11) NOT NULL DEFAULT 0,
  `last_login` datetime DEFAULT NULL,
  `created_at` datetime NOT NULL DEFAULT current_timestamp(),
  `updated_at` datetime NOT NULL DEFAULT current_timestamp() ON UPDATE current_timestamp(),
  `subscription_expires` datetime DEFAULT NULL,
  PRIMARY KEY (`user_id`),
  UNIQUE KEY `username` (`username`),
  UNIQUE KEY `email_address` (`email_address`)
) ENGINE=InnoDB AUTO_INCREMENT=30 DEFAULT CHARSET=utf8mb4 COLLATE=utf8mb4_general_ci;

-- Dumping data for table db_gakumon.tbl_user: ~8 rows (approximately)
REPLACE INTO `tbl_user` (`user_id`, `first_name`, `last_name`, `username`, `email_address`, `pass`, `role`, `subscription_type`, `is_verified`, `gakucoins`, `streak_days`, `last_login`, `created_at`, `updated_at`, `subscription_expires`) VALUES
	(2, 'Yestin', 'Guarin', 'yenyen', 'yestinguarin@gmail.com', '$2y$10$LzXVuuev8rnE3NWSSuiJh.ieD47B.lZufJ1utvhu3Skk1Ttfen9Ci', 'Kanri', 'Free', 0, 0, 0, NULL, '2025-08-25 17:13:44', '2025-10-09 10:38:38', NULL),
	(22, 'Ssecca', 'Toor', 'sseccatoor', 'sseccatoor@gmail.com', '$2y$10$ueFzz8HDPNhcPR44.WLapuTTIVj4xnkoqO/.aHxLMnsx6SNnkboEq', 'Gakusensei', 'Free', 1, 0, 0, NULL, '2025-08-27 02:29:23', '2025-10-09 11:52:03', NULL),
	(23, 'Pauline', 'Toledo', 'xuchi', 'paulinetoledoo026@gmail.com', '$2y$10$LgXiuUKNYjRmS03SEJR3p.B4E9R/JHBO5L6gqLZCBUrng68duuIfa', 'Gakusei', 'Free', 1, 70, 0, NULL, '2025-08-27 02:29:42', '2025-10-09 15:46:51', NULL),
	(25, 'Jan Dominic', 'Fortin', 'doms', 'jandominicfortin@gmail.com', '$2y$10$66yNG5U7s3uDfQAMgTgOQuKfGnluftnaQV.xH63Wi6VeN6rfvaVQW', 'Gakusei', 'Free', 1, 0, 0, NULL, '2025-08-28 15:45:49', '2025-08-28 15:45:49', NULL),
	(26, 'Rhodge', 'Esperon', 'rhodge', 'rhodgeellioesperon@gmail.com', '$2y$10$Y9LT0ikoDMBgjsBTYUtt5Oas4WNedySgYWd6sKPdeYN2AzRtwS0j.', 'Gakusei', 'Free', 1, 0, 0, NULL, '2025-08-28 16:39:23', '2025-08-28 16:39:23', NULL),
	(27, 'Angelo', 'Langgomez', 'raavaj', 'angelolanggomez@gmail.com', '$2y$10$05RuBWNJi/8DewFE0dyyc.R5chsR3QJKJoSENxFFX3/FGnxRAa3Qm', 'Gakusei', 'Premium', 1, 254, 0, NULL, '2025-10-07 13:01:27', '2025-10-16 01:24:34', '2025-11-08 04:57:38'),
	(28, 'Angelo', 'Gakusensei', 'ajgakusensei', 'rikugelo@gmail.com', '$2y$10$0QM.YvFomMH/60w7OaghB.GzvYefy.PTZbgVVWIYm.OrmtIG59ade', 'Gakusensei', 'Free', 1, 781, 0, NULL, '2025-10-08 22:16:20', '2025-10-16 00:25:38', NULL),
	(29, 'Admin', 'Test', 'admin', 'wolf21.dev@gmail.com', '$2y$10$OBAF2jMIiw3aHbx5ke3v3eM7Fd6OkrKovXs2J2DkZIHlTSkJ30ZtO', 'Kanri', 'Free', 1, 0, 0, NULL, '2025-10-16 03:29:16', '2025-10-15 19:29:42', NULL);

-- Dumping structure for table db_gakumon.tbl_user_accessories
CREATE TABLE IF NOT EXISTS `tbl_user_accessories` (
  `user_accessory_id` int(11) NOT NULL AUTO_INCREMENT,
  `user_id` int(11) NOT NULL COMMENT 'FK -> tbl_user.user_id',
  `item_id` int(11) NOT NULL COMMENT 'FK -> tbl_shop_items.item_id',
  `is_equipped` tinyint(1) NOT NULL DEFAULT 0,
  `equipped_at` datetime NOT NULL DEFAULT current_timestamp() ON UPDATE current_timestamp(),
  PRIMARY KEY (`user_accessory_id`),
  UNIQUE KEY `uniq_user_acc` (`user_id`,`item_id`),
  KEY `tbl_user_accessories_ibfk_2` (`item_id`),
  CONSTRAINT `tbl_user_accessories_ibfk_1` FOREIGN KEY (`user_id`) REFERENCES `tbl_user` (`user_id`),
  CONSTRAINT `tbl_user_accessories_ibfk_2` FOREIGN KEY (`item_id`) REFERENCES `tbl_shop_items` (`item_id`) ON DELETE CASCADE ON UPDATE CASCADE
) ENGINE=InnoDB AUTO_INCREMENT=4 DEFAULT CHARSET=utf8mb4 COLLATE=utf8mb4_general_ci;

-- Dumping data for table db_gakumon.tbl_user_accessories: ~3 rows (approximately)
REPLACE INTO `tbl_user_accessories` (`user_accessory_id`, `user_id`, `item_id`, `is_equipped`, `equipped_at`) VALUES
	(1, 28, 9, 0, '2025-10-09 14:58:46'),
	(2, 28, 10, 0, '2025-10-09 14:58:58'),
	(3, 23, 10, 0, '2025-10-09 14:59:49');

-- Dumping structure for table db_gakumon.tbl_user_enrollments
CREATE TABLE IF NOT EXISTS `tbl_user_enrollments` (
  `user_id` int(11) NOT NULL COMMENT 'FK -> tbl_user.user_id',
  `lesson_id` int(11) NOT NULL COMMENT 'FK -> tbl_lesson.lesson_id',
  `enrolled_at` datetime NOT NULL DEFAULT current_timestamp(),
  PRIMARY KEY (`user_id`,`lesson_id`),
  KEY `fk_user_enrollments_lesson_cascade` (`lesson_id`),
  CONSTRAINT `fk_user_enrollments_lesson_cascade` FOREIGN KEY (`lesson_id`) REFERENCES `tbl_lesson` (`lesson_id`) ON DELETE CASCADE,
  CONSTRAINT `tbl_user_enrollments_ibfk_1` FOREIGN KEY (`user_id`) REFERENCES `tbl_user` (`user_id`)
) ENGINE=InnoDB DEFAULT CHARSET=utf8mb4 COLLATE=utf8mb4_general_ci;

-- Dumping data for table db_gakumon.tbl_user_enrollments: ~18 rows (approximately)
REPLACE INTO `tbl_user_enrollments` (`user_id`, `lesson_id`, `enrolled_at`) VALUES
	(2, 5, '2025-09-03 13:58:03'),
	(2, 6, '2025-09-03 13:58:13'),
	(2, 10, '2025-09-03 14:01:14'),
	(2, 11, '2025-09-03 14:00:26'),
	(2, 12, '2025-09-03 13:59:04'),
	(23, 1, '2025-09-03 14:17:47'),
	(23, 2, '2025-09-03 14:18:47'),
	(23, 3, '2025-09-03 14:20:20'),
	(23, 4, '2025-09-03 14:10:48'),
	(23, 5, '2025-09-03 14:20:44'),
	(23, 6, '2025-09-03 14:10:28'),
	(23, 7, '2025-09-03 01:36:41'),
	(23, 8, '2025-09-03 01:00:22'),
	(23, 9, '2025-09-03 14:09:25'),
	(27, 1, '2025-10-08 15:43:29'),
	(27, 5, '2025-10-12 20:46:06'),
	(27, 132, '2025-10-11 01:05:48'),
	(28, 1, '2025-10-10 23:31:45');

-- Dumping structure for table db_gakumon.tbl_user_fav_topic
CREATE TABLE IF NOT EXISTS `tbl_user_fav_topic` (
  `user_id` int(11) NOT NULL COMMENT 'FK ->tbl_user.user_id',
  `topic_id` int(11) NOT NULL COMMENT 'FK -> tbl_topic.topic_id',
  PRIMARY KEY (`user_id`,`topic_id`),
  KEY `topic_id` (`topic_id`),
  CONSTRAINT `fk_user_fav_topic_user` FOREIGN KEY (`user_id`) REFERENCES `tbl_user` (`user_id`) ON DELETE CASCADE ON UPDATE CASCADE,
  CONSTRAINT `tbl_user_fav_topic_ibfk_2` FOREIGN KEY (`topic_id`) REFERENCES `tbl_topic` (`topic_id`)
) ENGINE=InnoDB DEFAULT CHARSET=utf8mb4 COLLATE=utf8mb4_general_ci;

-- Dumping data for table db_gakumon.tbl_user_fav_topic: ~6 rows (approximately)
REPLACE INTO `tbl_user_fav_topic` (`user_id`, `topic_id`) VALUES
	(23, 1),
	(25, 2),
	(26, 1),
	(26, 3),
	(27, 4),
	(28, 3),
	(29, 2);

-- Dumping structure for table db_gakumon.tbl_user_foods
CREATE TABLE IF NOT EXISTS `tbl_user_foods` (
  `user_food_id` int(11) NOT NULL AUTO_INCREMENT,
  `user_id` int(11) NOT NULL COMMENT 'FK -> tbl_user.user_id',
  `item_id` int(11) NOT NULL COMMENT 'FK -> tbl_shop_items.item_id',
  `quantity` int(11) NOT NULL DEFAULT 0,
  `last_updated` datetime NOT NULL DEFAULT current_timestamp() ON UPDATE current_timestamp(),
  PRIMARY KEY (`user_food_id`),
  UNIQUE KEY `uniq_user_food` (`user_id`,`item_id`),
  KEY `tbl_user_foods_ibfk_2` (`item_id`),
  CONSTRAINT `tbl_user_foods_ibfk_1` FOREIGN KEY (`user_id`) REFERENCES `tbl_user` (`user_id`),
  CONSTRAINT `tbl_user_foods_ibfk_2` FOREIGN KEY (`item_id`) REFERENCES `tbl_shop_items` (`item_id`) ON DELETE CASCADE ON UPDATE CASCADE
) ENGINE=InnoDB AUTO_INCREMENT=28 DEFAULT CHARSET=utf8mb4 COLLATE=utf8mb4_general_ci;

-- Dumping data for table db_gakumon.tbl_user_foods: ~2 rows (approximately)
REPLACE INTO `tbl_user_foods` (`user_food_id`, `user_id`, `item_id`, `quantity`, `last_updated`) VALUES
	(18, 23, 1, 1, '2025-10-09 15:46:49'),
	(19, 23, 2, 1, '2025-10-09 15:46:51');

-- Dumping structure for table db_gakumon.tbl_user_items
CREATE TABLE IF NOT EXISTS `tbl_user_items` (
  `user_item_id` int(11) NOT NULL AUTO_INCREMENT,
  `user_id` int(11) NOT NULL COMMENT 'FK -> tbl_user.user_id',
  `item_id` int(11) NOT NULL COMMENT 'FK -> tbl_shop_items.item_id',
  `purchased_at` datetime NOT NULL DEFAULT current_timestamp(),
  PRIMARY KEY (`user_item_id`),
  KEY `user_id` (`user_id`),
  KEY `tbl_user_items_ibfk_2` (`item_id`),
  CONSTRAINT `tbl_user_items_ibfk_1` FOREIGN KEY (`user_id`) REFERENCES `tbl_user` (`user_id`),
  CONSTRAINT `tbl_user_items_ibfk_2` FOREIGN KEY (`item_id`) REFERENCES `tbl_shop_items` (`item_id`) ON DELETE CASCADE ON UPDATE CASCADE
) ENGINE=InnoDB AUTO_INCREMENT=32 DEFAULT CHARSET=utf8mb4 COLLATE=utf8mb4_general_ci;

-- Dumping data for table db_gakumon.tbl_user_items: ~21 rows (approximately)
REPLACE INTO `tbl_user_items` (`user_item_id`, `user_id`, `item_id`, `purchased_at`) VALUES
	(10, 23, 2, '2025-10-07 22:07:08'),
	(11, 23, 2, '2025-10-07 22:22:05'),
	(12, 23, 2, '2025-10-07 22:22:36'),
	(13, 23, 1, '2025-10-07 23:14:58'),
	(14, 27, 2, '2025-10-08 15:54:07'),
	(15, 27, 2, '2025-10-08 16:03:18'),
	(16, 27, 2, '2025-10-08 16:03:19'),
	(17, 27, 2, '2025-10-08 16:03:20'),
	(18, 28, 9, '2025-10-09 14:58:46'),
	(19, 28, 10, '2025-10-09 14:58:58'),
	(20, 23, 10, '2025-10-09 14:59:49'),
	(22, 23, 1, '2025-10-09 15:46:49'),
	(23, 23, 2, '2025-10-09 15:46:51'),
	(24, 27, 1, '2025-10-09 17:48:47'),
	(25, 27, 2, '2025-10-09 17:48:52'),
	(26, 27, 1, '2025-10-09 17:48:54'),
	(27, 27, 3, '2025-10-09 17:50:25'),
	(28, 27, 1, '2025-10-12 01:11:10'),
	(29, 27, 1, '2025-10-15 22:31:48'),
	(30, 27, 2, '2025-10-15 22:34:16'),
	(31, 27, 2, '2025-10-15 22:43:24');

-- Dumping structure for table db_gakumon.tbl_user_pet
CREATE TABLE IF NOT EXISTS `tbl_user_pet` (
  `user_pet_id` int(11) NOT NULL AUTO_INCREMENT,
  `user_id` int(11) NOT NULL COMMENT 'FK -> tbl_user.user_id',
  `pet_id` int(11) NOT NULL COMMENT 'FK -> tbl_pet.pet_id',
  `custom_name` varchar(50) DEFAULT NULL,
  `energy_level` int(11) NOT NULL DEFAULT 100,
  `created_at` datetime NOT NULL DEFAULT current_timestamp(),
  `last_energy_update` timestamp NOT NULL DEFAULT current_timestamp() ON UPDATE current_timestamp(),
  PRIMARY KEY (`user_pet_id`),
  KEY `pet_id` (`pet_id`),
  KEY `fk_user_pet_user` (`user_id`),
  CONSTRAINT `fk_user_pet_user` FOREIGN KEY (`user_id`) REFERENCES `tbl_user` (`user_id`) ON DELETE CASCADE ON UPDATE CASCADE,
  CONSTRAINT `tbl_user_pet_ibfk_2` FOREIGN KEY (`pet_id`) REFERENCES `tbl_pet` (`pet_id`)
) ENGINE=InnoDB AUTO_INCREMENT=9 DEFAULT CHARSET=utf8mb4 COLLATE=utf8mb4_general_ci;

-- Dumping data for table db_gakumon.tbl_user_pet: ~5 rows (approximately)
REPLACE INTO `tbl_user_pet` (`user_pet_id`, `user_id`, `pet_id`, `custom_name`, `energy_level`, `created_at`, `last_energy_update`) VALUES
	(3, 23, 1, 'mosh', 0, '2025-08-21 02:29:50', '2025-10-15 14:20:27'),
	(4, 25, 3, 'DOmsicle', 100, '2025-08-28 15:46:02', '2025-09-16 04:51:02'),
	(5, 26, 2, 'Chili', 100, '2025-08-28 16:40:07', '2025-09-16 04:51:02'),
	(6, 27, 2, 'Chubby', 47, '2025-10-07 13:01:53', '2025-10-15 17:47:29'),
	(7, 28, 3, 'Riku', 0, '2025-10-08 22:16:48', '2025-10-15 16:27:25'),
	(8, 29, 2, 'Mochi2', 99, '2025-10-16 03:29:25', '2025-10-15 19:37:53');

-- Dumping structure for table db_gakumon.tbl_user_quiz_attempts
CREATE TABLE IF NOT EXISTS `tbl_user_quiz_attempts` (
  `attempt_id` int(11) NOT NULL AUTO_INCREMENT,
  `quiz_id` int(11) NOT NULL COMMENT 'FK -> tbl_quizzes.quiz_id',
  `user_id` int(11) NOT NULL COMMENT 'FK -> tbl_user.user_id',
  `score` int(11) NOT NULL,
  `gakucoins_earned` int(11) NOT NULL,
  `attempted_at` datetime NOT NULL DEFAULT current_timestamp(),
  PRIMARY KEY (`attempt_id`),
  KEY `user_id` (`user_id`),
  KEY `fk_user_quiz_attempts_quiz_cascade` (`quiz_id`),
  CONSTRAINT `fk_user_quiz_attempts_quiz_cascade` FOREIGN KEY (`quiz_id`) REFERENCES `tbl_quizzes` (`quiz_id`) ON DELETE CASCADE,
  CONSTRAINT `tbl_user_quiz_attempts_ibfk_2` FOREIGN KEY (`user_id`) REFERENCES `tbl_user` (`user_id`)
) ENGINE=InnoDB AUTO_INCREMENT=48 DEFAULT CHARSET=utf8mb4 COLLATE=utf8mb4_general_ci;

-- Dumping data for table db_gakumon.tbl_user_quiz_attempts: ~27 rows (approximately)
REPLACE INTO `tbl_user_quiz_attempts` (`attempt_id`, `quiz_id`, `user_id`, `score`, `gakucoins_earned`, `attempted_at`) VALUES
	(1, 1, 23, 5, 5, '2025-09-02 18:06:04'),
	(2, 2, 23, 3, 3, '2025-09-02 20:03:32'),
	(3, 3, 23, 1, 1, '2025-09-03 16:12:26'),
	(4, 3, 23, 3, 3, '2025-09-03 16:13:29'),
	(5, 1, 23, 5, 5, '2025-09-03 23:35:00'),
	(6, 2, 23, 4, 4, '2025-09-03 23:36:54'),
	(7, 5, 23, 0, 0, '2025-09-03 23:40:00'),
	(8, 3, 23, 3, 3, '2025-09-05 19:52:32'),
	(9, 3, 23, 3, 3, '2025-09-05 20:02:49'),
	(10, 3, 23, 2, 2, '2025-09-05 20:03:06'),
	(11, 3, 23, 1, 1, '2025-09-05 20:20:03'),
	(12, 3, 23, 1, 1, '2025-09-05 20:25:45'),
	(13, 3, 23, 3, 3, '2025-09-05 20:26:21'),
	(14, 3, 23, 2, 2, '2025-09-05 20:27:05'),
	(15, 3, 23, 0, 0, '2025-09-05 20:27:43'),
	(16, 3, 23, 3, 3, '2025-09-05 20:28:19'),
	(17, 4, 23, 1, 1, '2025-09-06 03:15:10'),
	(20, 6, 23, 2, 2, '2025-09-17 23:18:47'),
	(21, 6, 23, 1, 1, '2025-09-17 23:49:31'),
	(22, 8, 23, 0, 0, '2025-09-17 23:49:46'),
	(23, 7, 23, 4, 4, '2025-09-17 23:50:09'),
	(31, 1, 27, 3, 3, '2025-10-08 15:53:11'),
	(34, 1, 27, 5, 5, '2025-10-09 17:57:51'),
	(42, 5, 27, 2, 2, '2025-10-12 20:46:46'),
	(45, 55, 27, 1, 1, '2025-10-16 00:12:22'),
	(46, 54, 27, 1, 1, '2025-10-16 00:12:35'),
	(47, 59, 28, 1, 1, '2025-10-16 00:25:38');

/*!40103 SET TIME_ZONE=IFNULL(@OLD_TIME_ZONE, 'system') */;
/*!40101 SET SQL_MODE=IFNULL(@OLD_SQL_MODE, '') */;
/*!40014 SET FOREIGN_KEY_CHECKS=IFNULL(@OLD_FOREIGN_KEY_CHECKS, 1) */;
/*!40101 SET CHARACTER_SET_CLIENT=@OLD_CHARACTER_SET_CLIENT */;
/*!40111 SET SQL_NOTES=IFNULL(@OLD_SQL_NOTES, 1) */;
